rank,stadium,capacity,region,country,city,images,home_team,location
1,Rungrado 1st of May Stadium,114000,East Asia,North Korea,Pyongyang,https://upload.wikimedia.org/wikipedia/commons/thumb/8/81/Arirang_Mass_Games_12.JPG/220px-Arirang_Mass_Games_12.JPG,"Korea DPR national football team, DPR Korea women's national football team, April 25","[39.0496732, 125.7753215119]"
2,Michigan Stadium,107601,North America,United States,"Ann Arbor, Michigan",https://upload.wikimedia.org/wikipedia/commons/thumb/e/ed/Real_Madrid_vs._Machester_United_August_2nd%2C_2014.jpg/220px-Real_Madrid_vs._Machester_United_August_2nd%2C_2014.jpg,Michigan Wolverines football,"[42.2658652, -83.7486837676]"
3,Ohio Stadium,102780,North America,United States,"Columbus, Ohio",https://upload.wikimedia.org/wikipedia/commons/thumb/f/fc/Panoramic_view_of_Ohio_Stadium.jpg/220px-Panoramic_view_of_Ohio_Stadium.jpg,Ohio State Buckeyes football,"[40.00164575, -83.0197374422]"
4,Melbourne Cricket Ground,100024,Oceania,Australia,"Melbourne, Victoria",https://upload.wikimedia.org/wikipedia/commons/thumb/b/b4/MCG_Panorama_24_July_2015.jpg/220px-MCG_Panorama_24_July_2015.jpg,"Australia national cricket team, Victoria cricket team, Melbourne Cricket Club, Melbourne Stars, Melbourne FC, Richmond FC, Collingwood FC, Hawthorn FC","[-37.819909, 144.9832250067]"
5,Camp Nou,99354,Europe,Spain,"Barcelona, Catalonia",https://upload.wikimedia.org/wikipedia/commons/thumb/e/ed/Camp_Nou_-_FC_Barcelona_-_Barcelona.jpg/220px-Camp_Nou_-_FC_Barcelona_-_Barcelona.jpg,FC Barcelona,"[41.3807673, 2.1158684]"
6,New Administrative Capital Stadium,94940,Africa,Egypt,New Administrative Capital,https://upload.wikimedia.org/wikipedia/commons/thumb/e/e0/The_New_administrative_stadium_of_Egypt.jpg/220px-The_New_administrative_stadium_of_Egypt.jpg,"Egypt national football team, Al Ahly SC",
7,FNB Stadium,94736,Africa,South Africa,"Johannesburg, Gauteng",https://upload.wikimedia.org/wikipedia/commons/thumb/c/c0/First_game_of_the_2010_FIFA_World_Cup%2C_South_Africa_vs_Mexico.jpg/220px-First_game_of_the_2010_FIFA_World_Cup%2C_South_Africa_vs_Mexico.jpg,"South Africa national football team, Kaizer Chiefs F.C.","[-26.23470625, 27.9826439004]"
8,Rose Bowl Stadium,92800,North America,United States,"Pasadena, California",https://upload.wikimedia.org/wikipedia/commons/thumb/d/d2/Rose_Bowl%2C_panorama.jpg/220px-Rose_Bowl%2C_panorama.jpg,UCLA Bruins,"[34.16134915, -118.1676673983]"
9,Sanford Stadium,92746,North America,United States,"Athens, Georgia",https://upload.wikimedia.org/wikipedia/commons/thumb/d/d2/UGA_vs._Notre_Dame_2019.jpg/220px-UGA_vs._Notre_Dame_2019.jpg,Georgia Bulldogs football,"[33.94977095, -83.3722668714]"
10,Cotton Bowl Stadium,92100,North America,United States,"Dallas, Texas",https://upload.wikimedia.org/wikipedia/commons/thumb/5/52/2019_State_Fair_Classic_01_%28Cotton_Bowl%29.jpg/220px-2019_State_Fair_Classic_01_%28Cotton_Bowl%29.jpg,,"[32.77961185, -96.759602529]"
11,Beijing National Stadium,91000,East Asia,China,Beijing,https://upload.wikimedia.org/wikipedia/commons/thumb/5/51/Beijing_National_Stadium_2014_2.jpg/220px-Beijing_National_Stadium_2014_2.jpg,,"[40.0160281, 116.3713841339]"
12,Wembley Stadium,90000,Europe,England,"London, England",https://upload.wikimedia.org/wikipedia/commons/thumb/b/bb/Post_L2_Play-Off_Final.jpg/220px-Post_L2_Play-Off_Final.jpg,England national football team,"[51.55606945, -0.2796033938]"
13,Lusail Stadium,88966,West Asia,Qatar,Lusail,https://upload.wikimedia.org/wikipedia/en/thumb/a/a3/Lusail_Stadium.jpg/220px-Lusail_Stadium.jpg,Qatar national football team,"[25.4209062, 51.4904783538]"
14,Estadio Azteca,87523,North America,Mexico,Mexico City,https://upload.wikimedia.org/wikipedia/commons/thumb/c/ca/Panor%C3%A1mica_esquina_noreste.jpg/220px-Panor%C3%A1mica_esquina_noreste.jpg,"Club América, Cruz Azul, Mexico national football team","[19.3029794, -99.1504699526]"
15,Bukit Jalil National Stadium,87411,Southeast Asia,Malaysia,Kuala Lumpur,https://upload.wikimedia.org/wikipedia/commons/thumb/a/a1/National_Stadium_Bukit_Jalil_2018_AFF_Suzuki_Cup_final.png/220px-National_Stadium_Bukit_Jalil_2018_AFF_Suzuki_Cup_final.png,"Malaysia national football team,","[3.0546755, 101.6913690326]"
16,Borg el-Arab Stadium,86000,Africa,Egypt,Alexandria,https://upload.wikimedia.org/wikipedia/commons/thumb/1/1a/Borg_el_arab_stadium.jpg/220px-Borg_el_arab_stadium.jpg,"Egypt national football team, Al Ittihad, Smouha","[30.9994904, 29.7293844436]"
17,Salt Lake Stadium,85000,South Asia,India,Kolkata,https://upload.wikimedia.org/wikipedia/commons/thumb/5/5f/Salt_Lake_Stadium_during_FIFA_U17_World_Cup_2017_....jpg/220px-Salt_Lake_Stadium_during_FIFA_U17_World_Cup_2017_....jpg,"India national football team, ATK Mohun Bagan, East Bengal, Mohammedan","[22.56906035, 88.409020093]"
18,Estadio Mâs Monumental,84567,South America,Argentina,Buenos Aires,https://upload.wikimedia.org/wikipedia/commons/thumb/0/0f/Estadio_M%C3%A2s_Monumental.jpg/220px-Estadio_M%C3%A2s_Monumental.jpg,"Argentina national football team, River Plate","[-34.54529825, -58.4497378338]"
19,Stadium Australia,83500,Oceania,Australia,"Sydney, New South Wales",https://upload.wikimedia.org/wikipedia/commons/thumb/f/f7/State_of_Origin_Game_II_2018.jpg/220px-State_of_Origin_Game_II_2018.jpg,"South Sydney Rabbitohs, Canterbury-Bankstown Bulldogs, New South Wales Blues, New South Wales Waratahs, Australia men's national soccer team, Australia national rugby union team","[-33.8471082, 151.0633848447]"
20,MetLife Stadium,82500,North America,United States,"East Rutherford, New Jersey",https://upload.wikimedia.org/wikipedia/commons/thumb/5/54/Copa_America_game_between_Columbia_vs_Peru_at_the_MetLife_Stadium.jpg/220px-Copa_America_game_between_Columbia_vs_Peru_at_the_MetLife_Stadium.jpg,"New York Giants, New York Jets, New York Guardians, United States men's national soccer team","[40.81352375, -74.0734007489]"
21,Croke Park,82300,Europe,Ireland,Dublin,https://upload.wikimedia.org/wikipedia/commons/thumb/9/91/Croke_park_all_ireland.jpg/220px-Croke_park_all_ireland.jpg,"Gaelic Athletic Association, Dublin GAA","[53.36035755, -6.2509811826]"
22,Jakarta International Stadium,82000,Southeast Asia,Indonesia,Jakarta,https://upload.wikimedia.org/wikipedia/commons/thumb/3/38/Jakarta_International_Stadium_from_Toll_road.jpg/220px-Jakarta_International_Stadium_from_Toll_road.jpg,"Persija Jakarta, Indonesia national football team","[-6.12507475, 106.860200959]"
23,FedExField,82000,North America,United States,"Landover, Maryland",https://upload.wikimedia.org/wikipedia/commons/thumb/7/78/FedexField2014.jpg/220px-FedexField2014.jpg,Washington Commanders,"[38.9077002, -76.8633260869]"
24,Lambeau Field,81441,North America,United States,"Green Bay, Wisconsin",https://upload.wikimedia.org/wikipedia/commons/thumb/2/27/Lambeau_Field_bowl.jpg/220px-Lambeau_Field_bowl.jpg,Green Bay Packers,"[44.50095825, -88.0610340438]"
25,Signal Iduna Park,81365,Europe,Germany,Dortmund,https://upload.wikimedia.org/wikipedia/commons/thumb/3/38/Signal_iduna_park.jpg/220px-Signal_iduna_park.jpg,Borussia Dortmund,"[51.4924922, 7.4508880096]"
26,Stade de France,81338,Europe,France,Saint-Denis,https://upload.wikimedia.org/wikipedia/commons/thumb/5/53/StadeFranceNationsLeague2018.jpg/220px-StadeFranceNationsLeague2018.jpg,France national football team,"[48.92447255, 2.3601325227]"
27,Estadio Santiago Bernabéu,81044,Europe,Spain,Madrid,https://upload.wikimedia.org/wikipedia/commons/thumb/1/19/Bernab%C3%A9u_despu%C3%A9s_de_la_reforma.jpg/220px-Bernab%C3%A9u_despu%C3%A9s_de_la_reforma.jpg,Real Madrid,"[40.4530225, -3.6874056738]"
28,Luzhniki Stadium,81000,Europe,Russia,Moscow,https://upload.wikimedia.org/wikipedia/commons/thumb/3/3c/Luzhniki_Stadium2.jpg/220px-Luzhniki_Stadium2.jpg,,"[55.7157445, 37.5537672987]"
29,Shah Alam Stadium,80372,Southeast Asia,Malaysia,"Shah Alam, Selangor",https://upload.wikimedia.org/wikipedia/commons/thumb/9/99/Shah_Alam_Stadium_%28inside%29.jpg/220px-Shah_Alam_Stadium_%28inside%29.jpg,Selangor FA,"[3.0838218, 101.5456258304]"
30,Estadio Monumental,80093,South America,Peru,Lima,https://upload.wikimedia.org/wikipedia/commons/thumb/f/f1/EstadioUniversitario.jpg/220px-EstadioUniversitario.jpg,Club Universitario de Deportes,"[-12.05564735, -76.9353339221]"
31,Stadio Giuseppe Meazza,80018,Europe,Italy,"Milan, Lombardy",https://upload.wikimedia.org/wikipedia/commons/thumb/a/a3/Stadio_Giuseppe_Meazza%2C_San_Siro%2C_Milan_%283326869632%29.jpg/220px-Stadio_Giuseppe_Meazza%2C_San_Siro%2C_Milan_%283326869632%29.jpg,AC Milan and Internazionale,"[45.47820035, 9.1239639933]"
32,Guangdong Olympic Stadium,80012,East Asia,China,"Guangzhou, Guangdong",https://upload.wikimedia.org/wikipedia/commons/thumb/f/f7/Stade_Olympique_Guangdong.JPG/220px-Stade_Olympique_Guangdong.JPG,,"[23.13803625, 113.403429629]"
33,Hangzhou Olympic Sports Expo Centre Stadium,80000,East Asia,China,"Hangzhou, Zhejiang",https://upload.wikimedia.org/wikipedia/commons/thumb/4/4c/Hangzhou_Olympic_Sports_Center_Stadium2021.jpg/220px-Hangzhou_Olympic_Sports_Center_Stadium2021.jpg,,"[30.2317101, 120.2254883983]"
34,AT&T Stadium,80000,North America,United States,"Arlington, Texas",https://upload.wikimedia.org/wikipedia/commons/thumb/5/52/Cowboys_Stadium_full_view.jpg/220px-Cowboys_Stadium_full_view.jpg,"Dallas Cowboys, FC Dallas","[32.74785025, -97.0928337074]"
35,Stade des Martyrs,80000,Africa,DR Congo,Kinshasa,https://upload.wikimedia.org/wikipedia/commons/thumb/d/d3/Stade_des_martyrs_0332_Kinshasa_%288756673901%29.jpg/220px-Stade_des_martyrs_0332_Kinshasa_%288756673901%29.jpg,Congo DR national football team and AS Vita Club,"[-5.92806305, 22.3096029605]"
36,National Sports Stadium,80000,Africa,Zimbabwe,Harare,https://upload.wikimedia.org/wikipedia/commons/thumb/0/0a/No-image-available.png/480px-No-image-available.png,Zimbabwe national football team,"[-17.82141495, 30.9950735131]"
37,Moi International Sports Centre,80000,Africa,Kenya,Nairobi,https://upload.wikimedia.org/wikipedia/commons/thumb/9/9c/Inside_the_Kasarani_Stadium.jpg/220px-Inside_the_Kasarani_Stadium.jpg,Kenya national football team,"[-1.23029175, 36.891596147]"
38,Stade Léopold Sédar Senghor,80000,Africa,Senegal,Dakar,https://upload.wikimedia.org/wikipedia/commons/thumb/8/8f/Senegal_1_-_Cameroon_0_-_Stade_L%C3%A9opold_S%C3%A9dar_Senghor.jpg/220px-Senegal_1_-_Cameroon_0_-_Stade_L%C3%A9opold_S%C3%A9dar_Senghor.jpg,"Senegal national football team, ASC Jeanne d'Arc","[14.74677165, -17.4519140387]"
39,Maracanã Stadium,78838,South America,Brazil,"Rio de Janeiro, Rio de Janeiro",https://upload.wikimedia.org/wikipedia/commons/thumb/f/fe/Bosnia_players_at_Maracan%C3%A3_15_June_2014.jpg/220px-Bosnia_players_at_Maracan%C3%A3_15_June_2014.jpg,"CR Flamengo, Fluminense FC, Botafogo FR, CR Vasco da Gama","[-22.91216195, -43.23118606]"
40,Los Angeles Memorial Coliseum,78467,North America,United States,"Los Angeles, California",https://upload.wikimedia.org/wikipedia/commons/thumb/2/25/USC_vs_University_of_Oregon_November_2019.png/220px-USC_vs_University_of_Oregon_November_2019.png,USC Trojans,"[34.0139923, -118.2880286485]"
41,Azadi Stadium,78116,West Asia,Iran,Tehran,https://upload.wikimedia.org/wikipedia/commons/thumb/7/78/Azadi_Stadium_%287%29.jpg/220px-Azadi_Stadium_%287%29.jpg,"Iran national football team, Esteghlal FC, Persepolis FC","[35.7244962, 51.2755487216]"
42,Gelora Bung Karno Main Stadium,77193,Southeast Asia,Indonesia,Jakarta,https://upload.wikimedia.org/wikipedia/commons/thumb/2/29/Gbk_persija_arema_20190803.jpg/220px-Gbk_persija_arema_20190803.jpg,"Indonesia national football team,","[-6.21853605, 106.8026353197]"
43,Caesar's Superdome,76468,North America,United States,"New Orleans, Louisiana",https://upload.wikimedia.org/wikipedia/commons/thumb/a/a1/The_Dome_New_Orleans_Man_Trip.jpg/220px-The_Dome_New_Orleans_Man_Trip.jpg,"New Orleans Saints, Sugar Bowl","[29.9759983, -90.0782127]"
44,Arrowhead Stadium,76412,North America,United States,"Kansas City, Missouri",https://upload.wikimedia.org/wikipedia/commons/thumb/1/10/25_July_2010_Kansas_City_Wizards_vs_Manchester_United_friendly.jpg/220px-25_July_2010_Kansas_City_Wizards_vs_Manchester_United_friendly.jpg,Kansas City Chiefs,"[39.0751128, -78.191289]"
45,Empower Field,76125,North America,United States,Denver,https://upload.wikimedia.org/wikipedia/commons/thumb/4/49/SAF_at_Mile_High_AFC_Championship_game_pom-poms.jpg/220px-SAF_at_Mile_High_AFC_Championship_game_pom-poms.jpg,Denver Broncos,"[39.743952, -105.0192228124]"
46,Atatürk Olympic Stadium,76092,Europe,Turkey,Istanbul,https://upload.wikimedia.org/wikipedia/commons/thumb/6/68/Istanbul_Atat%C3%BCrk_Olympic_Stadium_2.jpg/220px-Istanbul_Atat%C3%BCrk_Olympic_Stadium_2.jpg,,"[41.0744732, 28.7656610517]"
47,Old Trafford,76000,Europe,England,"Manchester, North West England",https://upload.wikimedia.org/wikipedia/commons/thumb/b/bd/Manchester_United_old_trafford_Ank_Kumar_01.jpg/220px-Manchester_United_old_trafford_Ank_Kumar_01.jpg,Manchester United F.C.,"[53.46310955, -2.2913864851]"
48,Allianz Arena,75024,Europe,Germany,Munich,https://upload.wikimedia.org/wikipedia/commons/thumb/4/48/Allainz_Arena_%28Bayern_Munich%29.jpg/220px-Allainz_Arena_%28Bayern_Munich%29.jpg,FC Bayern Munich,"[48.21880845, 11.6246641518]"
49,Naghsh-e-Jahan Stadium,75000,West Asia,Iran,Isfahan,https://upload.wikimedia.org/wikipedia/commons/thumb/4/4f/Naghsh_Jahan_Stadium.jpg/220px-Naghsh_Jahan_Stadium.jpg,Sepahan FC,"[32.74245575, 51.6861810122]"
50,Morodok Techo National Stadium,75000,Southeast Asia,Cambodia,Phnom Penh,https://upload.wikimedia.org/wikipedia/commons/thumb/6/6d/Morodok_Techo_National_Stadium.jpg/220px-Morodok_Techo_National_Stadium.jpg,Cambodia national football team,"[11.68297715, 104.8763078275]"
51,Bank of America Stadium,74867,North America,United States,"Charlotte, North Carolina",https://upload.wikimedia.org/wikipedia/commons/thumb/8/85/Bank_of_America_Stadium_soccer.jpg/220px-Bank_of_America_Stadium_soccer.jpg,"Charlotte FC, Carolina Panthers","[35.225737, -80.852766641]"
52,Millennium Stadium,74500,Europe,Wales,Cardiff,https://upload.wikimedia.org/wikipedia/commons/thumb/e/e6/Millennium_Stadium_-_Glanmor%E2%80%99s_Gap.jpg/220px-Millennium_Stadium_-_Glanmor%E2%80%99s_Gap.jpg,Wales national football team,"[51.4782953, -3.1837046981]"
53,Olympiastadion,74475,Europe,Germany,Berlin,https://upload.wikimedia.org/wikipedia/commons/thumb/5/52/Berlin_Olympiastadion_nach_Umbau.jpg/220px-Berlin_Olympiastadion_nach_Umbau.jpg,Hertha BSC,"[52.5145846, 13.2398144178]"
54,Cairo International Stadium,74100,Africa,Egypt,Cairo,https://upload.wikimedia.org/wikipedia/commons/thumb/b/bc/Cairo_Stadium_Afcon_u23_2019.jpg/220px-Cairo_Stadium_Afcon_u23_2019.jpg,"Egypt national football team, Al Ahly, Zamalek","[30.0691158, 31.3121525587]"
55,FirstEnergy Stadium,73200,North America,United States,Cleveland,https://upload.wikimedia.org/wikipedia/commons/thumb/f/f1/FirstEnergy_Stadium_panorama_2016.jpg/220px-FirstEnergy_Stadium_panorama_2016.jpg,Cleveland Browns,"[41.5060559, -81.6997118453]"
56,Estádio Nacional Mané Garrincha,72788,South America,Brazil,"Brasília, Distrito Federal",https://upload.wikimedia.org/wikipedia/commons/thumb/d/da/Est%C3%A1dio_Nacional_Bras%C3%ADlia.jpg/220px-Est%C3%A1dio_Nacional_Bras%C3%ADlia.jpg,"Brasília FC, Legião FC","[-15.7837498, -47.8990287459]"
57,Stadio Olimpico,72698,Europe,Italy,"Rome, Lazio",https://upload.wikimedia.org/wikipedia/commons/thumb/6/64/The_Stadio_Olimpico_during_a_match_between_AS_Roma_and_Sampdoria.jpg/220px-The_Stadio_Olimpico_during_a_match_between_AS_Roma_and_Sampdoria.jpg,"A.S. Roma, S.S. Lazio","[41.93395205, 12.4547230745]"
58,International Stadium Yokohama,72327,East Asia,Japan,"Yokohama, Kanagawa",https://upload.wikimedia.org/wikipedia/commons/thumb/9/91/International_Stadium_Yokohama-1.jpg/220px-International_Stadium_Yokohama-1.jpg,"Yokohama F. Marinos, Yokohama Eagles","[35.5099882, 139.6063825439]"
59,NRG Stadium,72220,North America,United States,"Houston, Texas",https://upload.wikimedia.org/wikipedia/commons/thumb/d/dc/The_Texans_at_Reliant_Park_1_Jan_2012.jpg/220px-The_Texans_at_Reliant_Park_1_Jan_2012.jpg,"Houston Texans, Houston Dynamo FC","[29.6848581, -95.4108014533]"
60,Shanghai Stadium,72000,East Asia,China,Shanghai,https://upload.wikimedia.org/wikipedia/commons/thumb/d/de/Shanghai_Stadium_2008.JPG/220px-Shanghai_Stadium_2008.JPG,Shanghai Shenhua,"[31.1832135, 121.4373206895]"
61,M&T Bank Stadium,71008,North America,United States,Baltimore,https://upload.wikimedia.org/wikipedia/commons/thumb/9/92/M%26T_Bank_Stadium_USA_soccer.JPG/220px-M%26T_Bank_Stadium_USA_soccer.JPG,Baltimore Ravens,"[39.2779734, -76.6226651155]"
62,Mercedes-Benz Stadium,71000,North America,United States,"Atlanta, Georgia",https://upload.wikimedia.org/wikipedia/commons/thumb/f/f2/Mercedes_Benz_Stadium_interior_2017-08-25_1.jpg/220px-Mercedes_Benz_Stadium_interior_2017-08-25_1.jpg,"Atlanta United FC, Atlanta Falcons","[33.7554123, -84.40084932]"
63,Olympic National Sports Complex Stadium,70000,Europe,Ukraine,Kyiv,https://upload.wikimedia.org/wikipedia/commons/thumb/0/0d/Kyiv_NSC_Olimpiyskyi_5.jpg/220px-Kyiv_NSC_Olimpiyskyi_5.jpg,"Ukraine national football team, FC Dynamo Kyiv","[50.43339675, 30.5230174439]"
64,Phnom Penh Olympic Stadium,70000,Southeast Asia,Cambodia,Phnom Penh,https://upload.wikimedia.org/wikipedia/commons/thumb/9/94/A_football_match_at_the_Olympic_Stadium%2C_Phnom_Penh_%28Chetra_Chap%2C_2015%29._%2819104466005%29.jpg/220px-A_football_match_at_the_Olympic_Stadium%2C_Phnom_Penh_%28Chetra_Chap%2C_2015%29._%2819104466005%29.jpg,Cambodia national football team,"[11.5730391, 104.857807]"
65,SoFi Stadium,70000,North America,United States,"Inglewood, California",https://upload.wikimedia.org/wikipedia/commons/thumb/b/b0/SoFi_Stadium_interior_2021.jpg/220px-SoFi_Stadium_interior_2021.jpg,,"[33.95340735, -118.3390098103]"
66,Seoul Olympic Stadium,69950,East Asia,South Korea,Seoul,https://upload.wikimedia.org/wikipedia/commons/thumb/e/e5/%E8%9A%95%E5%AE%A4_03.jpg/220px-%E8%9A%95%E5%AE%A4_03.jpg,,"[37.51582415, 127.0727361919]"
67,Bakı Olimpiya stadionu,69870,West Asia,Azerbaijan,Baku,https://upload.wikimedia.org/wikipedia/commons/thumb/b/b9/Chelsea_won_UEFA_Europa_League_final_at_Olympic_Stadium_and_President_Ilham_Aliyev_watched_the_final_match_16.jpg/220px-Chelsea_won_UEFA_Europa_League_final_at_Olympic_Stadium_and_President_Ilham_Aliyev_watched_the_final_match_16.jpg,Azerbaijan national football team,"[40.429982, 49.9195309983]"
68,Olympic Stadium,69618,Europe,Greece,"Marousi, Attica",https://upload.wikimedia.org/wikipedia/commons/thumb/0/0a/No-image-available.png/480px-No-image-available.png,Greece national football team,"[38.0361819, 23.7876367422]"
69,Olympiastadion München,69250,Europe,Germany,Munich,https://upload.wikimedia.org/wikipedia/commons/thumb/3/35/M%C3%BCnchener_Olympiastadion.jpg/220px-M%C3%BCnchener_Olympiastadion.jpg,,"[48.1731314, 11.5464786354]"
70,Lumen Field,69000,North America,United States,"Seattle, Washington",https://upload.wikimedia.org/wikipedia/commons/thumb/5/53/Qwest_Field_North.jpg/220px-Qwest_Field_North.jpg,"Seattle Sounders FC, Seattle Seahawks","[47.5953459, -122.331644312]"
71,Estadio Olímpico Universitario,68954,North America,Mexico,Mexico City,https://upload.wikimedia.org/wikipedia/commons/thumb/f/f2/Estadio_Pumas.jpg/220px-Estadio_Pumas.jpg,UNAM Pumas,"[19.33175425, -99.1922849638]"
72,Gillette Stadium,68756,North America,United States,"Foxborough, Massachusetts",https://upload.wikimedia.org/wikipedia/commons/thumb/8/8c/Stadiumguillete_%28cropped%29.jpg/220px-Stadiumguillete_%28cropped%29.jpg,"New England Patriots, New England Revolution","[42.0912526, -71.2644646106]"
73,King Abdullah Sports City Stadium,68560,West Asia,Saudi Arabia,Jeddah,https://upload.wikimedia.org/wikipedia/commons/thumb/6/68/Jawhara_Stadium.jpg/220px-Jawhara_Stadium.jpg,"Saudi Arabia national football team, Al-Ahli Saudi FC, Al-Ittihad Club (Jeddah)","[26.3790336, 43.9477023259]"
74,Lincoln Financial Field,68532,North America,United States,Philadelphia,https://upload.wikimedia.org/wikipedia/commons/thumb/3/36/USA-Turkey-Linc.jpg/220px-USA-Turkey-Linc.jpg,"Philadelphia Eagles, Temple Owls football","[39.9009099, -75.1674891561]"
75,Levi's Stadium,68500,North America,United States,"Santa Clara, California",https://upload.wikimedia.org/wikipedia/commons/thumb/0/00/Entering_Levi%27s_Stadium.JPG/220px-Entering_Levi%27s_Stadium.JPG,San Francisco 49ers,"[37.40315825, -121.9698314443]"
76,Acrisure Stadium,68400,North America,United States,Pittsburgh,https://upload.wikimedia.org/wikipedia/commons/thumb/2/23/Heinz_Field_NHL_Winter_Classic.jpg/220px-Heinz_Field_NHL_Winter_Classic.jpg,"Pittsburgh Steelers, Pittsburgh Panthers football","[40.44671645, -80.0157549335]"
77,Krestovsky Stadium,68134,Europe,Russia,Saint Petersburg,https://upload.wikimedia.org/wikipedia/commons/thumb/1/1c/Fina-l2017.jpg/220px-Fina-l2017.jpg,FC Zenit Saint Petersburg,"[59.9723766, 30.2210607516]"
78,Japan National Stadium,68000,East Asia,Japan,Tokyo,https://upload.wikimedia.org/wikipedia/commons/thumb/7/7c/Drones_durante_a_abertura_das_Olimp%C3%ADadas_de_T%C3%B3quio.jpg/220px-Drones_durante_a_abertura_das_Olimp%C3%ADadas_de_T%C3%B3quio.jpg,,"[35.6840574, 139.7744912]"
79,TIAA Bank Field,67814,North America,United States,"Jacksonville, Florida",https://upload.wikimedia.org/wikipedia/commons/thumb/3/36/2009_Gator_Bowl.jpg/220px-2009_Gator_Bowl.jpg,Jacksonville Jaguars,"[30.32398105, -81.6373045703]"
80,Cívitas Metropolitano,67703,Europe,Spain,Madrid,https://upload.wikimedia.org/wikipedia/commons/thumb/0/05/Wanda-Metropolitano.jpg/220px-Wanda-Metropolitano.jpg,"Atlético Madrid, Rayo Majadahonda","[40.43605295, -3.5997158097]"
81,Stade Vélodrome,67394,Europe,France,Marseille,https://upload.wikimedia.org/wikipedia/commons/thumb/8/85/Stade_V%C3%A9lodrome_1.jpg/220px-Stade_V%C3%A9lodrome_1.jpg,Olympique de Marseille,"[43.26983495, 5.3959116641]"
82,Puskás Aréna,67215,Europe,Hungary,Budapest,https://upload.wikimedia.org/wikipedia/commons/thumb/3/3a/Pusk%C3%A1s_Ar%C3%A9na_01.jpg/220px-Pusk%C3%A1s_Ar%C3%A9na_01.jpg,Hungary national football team,"[47.50310895, 19.0980508921]"
83,Murrayfield Stadium,67144,Europe,Scotland,Edinburgh,https://upload.wikimedia.org/wikipedia/commons/thumb/a/a1/Murrayfield_Stadium_-_geograph.org.uk_-_1246737.jpg/220px-Murrayfield_Stadium_-_geograph.org.uk_-_1246737.jpg,Scotland national rugby union team,"[55.9404615, -3.2385624]"
84,Lucas Oil Stadium,67000,North America,United States,"Indianapolis, Indiana",https://upload.wikimedia.org/wikipedia/commons/thumb/8/89/LucasOilStadiumTheLuke.jpg/220px-LucasOilStadiumTheLuke.jpg,Indianapolis Colts,"[39.7590621, -86.1638376105]"
85,Estádio do Morumbi,66975,South America,Brazil,"São Paulo, São Paulo",https://upload.wikimedia.org/wikipedia/commons/thumb/1/13/Estadio_Morumbi_2014.jpg/220px-Estadio_Morumbi_2014.jpg,São Paulo FC,"[-23.60005845, -46.7201583473]"
86,The Dome,66965,North America,United States,St. Louis,https://upload.wikimedia.org/wikipedia/commons/thumb/b/bd/2005_NCAA_North_Carolina_v_Michigan_State.JPG/220px-2005_NCAA_North_Carolina_v_Michigan_State.JPG,St. Louis BattleHawks,"[42.7786911, -73.1701063]"
87,Yadegar-e-Emam Stadium,66833,West Asia,Iran,Tabriz,https://upload.wikimedia.org/wikipedia/commons/thumb/1/12/Yadegar_Emam_stadium_at_night_-_panoramio.jpg/220px-Yadegar_Emam_stadium_at_night_-_panoramio.jpg,Tractor Sazi FC,"[38.0738612, 46.2978789]"
88,Seoul World Cup Stadium,66704,East Asia,South Korea,Seoul,https://upload.wikimedia.org/wikipedia/commons/thumb/b/b8/AFC_Champions_League_Final_1st_leg.jpg/220px-AFC_Champions_League_Final_1st_leg.jpg,FC Seoul,"[37.5683021, 126.8972476647]"
89,US Bank Stadium,66655,North America,United States,Minneapolis,https://upload.wikimedia.org/wikipedia/commons/thumb/6/6a/Looking_South-US_Bank_Stadium.jpg/220px-Looking_South-US_Bank_Stadium.jpg,Minnesota Vikings,"[44.97361545, -93.2574662827]"
90,Daegu Stadium,66422,East Asia,South Korea,Daegu,https://upload.wikimedia.org/wikipedia/commons/thumb/d/da/Daegu.Stadium.original.2167.jpg/220px-Daegu.Stadium.original.2167.jpg,Daegu FC,"[35.8297517, 128.6901254233]"
91,Workers' Stadium,66161,East Asia,China,Beijing,https://upload.wikimedia.org/wikipedia/commons/thumb/5/58/New_Workers%27_Stadium_under_construction_%2820221025141129%29.jpg/220px-New_Workers%27_Stadium_under_construction_%2820221025141129%29.jpg,"Beijing Guoan FC, China national football team","[39.92951015, 116.4409951805]"
92,London Stadium,66000,Europe,England,London,https://upload.wikimedia.org/wikipedia/commons/thumb/b/b1/London_Stadium_panorama_picture.jpg/220px-London_Stadium_panorama_picture.jpg,West Ham United F.C.,"[51.53862065, -0.016623759]"
93,Raymond James Stadium,65847,North America,United States,"Tampa, Florida",https://upload.wikimedia.org/wikipedia/commons/thumb/9/9d/RaymondJamesStadium2022.jpg/220px-RaymondJamesStadium2022.jpg,"Tampa Bay Buccaneers, South Florida Bulls football, Tampa Bay Vipers","[27.97597925, -82.5042179967]"
94,Estádio da Luz,65647,Europe,Portugal,Lisbon,https://upload.wikimedia.org/wikipedia/commons/thumb/1/1b/LuzLissabon.jpg/220px-LuzLissabon.jpg,S.L. Benfica,"[38.7526893, -9.1846898818]"
95,Hard Rock Stadium,65326,North America,United States,"Miami Gardens, Florida",https://upload.wikimedia.org/wikipedia/commons/thumb/9/99/Interior_of_updated_Hard_Rock_Stadium.jpg/220px-Interior_of_updated_Hard_Rock_Stadium.jpg,"Miami Dolphins, Miami Hurricanes football","[25.95790315, -80.2388497397]"
96,Olympic Stadium,65255,North America,Canada,"Montreal, Quebec",https://upload.wikimedia.org/wikipedia/commons/thumb/f/fc/Montreal_Impact_CONCACAF_FINAL.jpg/220px-Montreal_Impact_CONCACAF_FINAL.jpg,CF Montréal,"[45.55779835, -73.5516458052]"
97,Basra International Stadium,65227,West Asia,Iraq,Basra,https://upload.wikimedia.org/wikipedia/commons/thumb/6/62/Basra_International_Stadium_Opening_2.JPG/220px-Basra_International_Stadium_Opening_2.JPG,Iraq national football team,"[30.4399273, 47.7798634136]"
98,Camping World Stadium,65000,North America,United States,"Orlando, Florida",https://upload.wikimedia.org/wikipedia/commons/thumb/4/4c/Citrus_Bowl%2C_Construction_progress.jpg/220px-Citrus_Bowl%2C_Construction_progress.jpg,,"[28.5390623, -81.4027485784]"
99,Alamodome,65000,North America,United States,San Antonio,https://upload.wikimedia.org/wikipedia/commons/thumb/0/0d/Alamodome_Conference_USA_Championship.jpg/220px-Alamodome_Conference_USA_Championship.jpg,UTSA Roadrunners football,"[29.4168923, -98.4788948757]"
100,Ford Field,65000,North America,United States,Detroit,https://upload.wikimedia.org/wikipedia/commons/thumb/b/b3/FordField-2008NCAAtournament-MidwestRegional.jpg/220px-FordField-2008NCAAtournament-MidwestRegional.jpg,Detroit Lions,"[42.33995675, -83.045616574]"
101,Stade Ibn Battuta,65000,Africa,Morocco,Tangier,https://upload.wikimedia.org/wikipedia/commons/thumb/9/93/Stade_Ibn_Batuta%2C_Tanger.jpg/220px-Stade_Ibn_Batuta%2C_Tanger.jpg,IR Tanger,"[35.74124485, -5.8580756424]"
102,Stade du 5-juillet-1962,64000,Africa,Algeria,Algiers,https://upload.wikimedia.org/wikipedia/commons/thumb/a/a0/Stade_5_Juillet_1962.jpg/220px-Stade_5_Juillet_1962.jpg,Algeria national football team,"[36.75951425, 2.9952724128]"
103,Castelão,63903,South America,Brazil,"Fortaleza, Ceará",https://upload.wikimedia.org/wikipedia/commons/thumb/e/ec/Castel%C3%A3o_Arena_%285%29.jpg/220px-Castel%C3%A3o_Arena_%285%29.jpg,"Ceará SC, Fortaleza EC","[-3.80674195, -38.5216794073]"
104,Saitama Stadium 2002,63700,East Asia,Japan,Saitama,https://upload.wikimedia.org/wikipedia/commons/thumb/6/60/Saitama_Stadium_Panorama.jpg/220px-Saitama_Stadium_Panorama.jpg,"Urawa Red Diamonds, Saitama Wild Knights","[35.90308, 139.7168256211]"
105,Ellis Park Stadium,62567,Africa,South Africa,"Johannesburg, Gauteng",https://upload.wikimedia.org/wikipedia/commons/thumb/b/bc/Warm-ups_at_Brazil_%26_North_Korea_match_at_FIFA_World_Cup_2010-06-15_1.jpg/220px-Warm-ups_at_Brazil_%26_North_Korea_match_at_FIFA_World_Cup_2010-06-15_1.jpg,"Orlando Pirates FC, Emirates Johannesburg Lions","[-26.19747885, 28.0607682379]"
106,Tottenham Hotspur Stadium,62303,Europe,England,London,https://upload.wikimedia.org/wikipedia/commons/thumb/8/8c/Spurs_stadium_January_2020.jpg/220px-Spurs_stadium_January_2020.jpg,Tottenham Hotspur F.C.,"[51.604157, -0.06626041]"
107,Veltins-Arena,62271,Europe,Germany,Gelsenkirchen,https://upload.wikimedia.org/wikipedia/commons/thumb/d/d2/080110_schalke_arena_germany.JPG/220px-080110_schalke_arena_germany.JPG,FC Schalke 04,"[51.55459375, 7.067600069]"
108,Yizhong Sports Centre Stadium,62000,East Asia,China,"Qingdao, Shandong",https://upload.wikimedia.org/wikipedia/commons/thumb/7/77/Qingdao_Guoxin_Stadium.jpg/220px-Qingdao_Guoxin_Stadium.jpg,Qingdao Jonoon FC,"[36.0638034, 120.3781372]"
109,Mineirão,61846,South America,Brazil,"Belo Horizonte, Minas Gerais",https://upload.wikimedia.org/wikipedia/commons/thumb/6/69/Stadion_Belo_Horizonte_Halbfinale_WM_2014_%2822117986076%29.jpg/220px-Stadion_Belo_Horizonte_Halbfinale_WM_2014_%2822117986076%29.jpg,"Atlético Mineiro, Cruzeiro EC","[-19.8659115, -43.9710434043]"
110,King Fahd International Stadium,61781,West Asia,Saudi Arabia,Riyadh,https://upload.wikimedia.org/wikipedia/commons/thumb/2/2b/%E3%82%AD%E3%83%B3%E3%82%B0%E3%83%95%E3%82%A1%E3%83%8F%E3%83%89%E5%9B%BD%E9%9A%9B%E3%82%B9%E3%82%BF%E3%82%B8%E3%82%A2%E3%83%A0.jpg/220px-%E3%82%AD%E3%83%B3%E3%82%B0%E3%83%95%E3%82%A1%E3%83%8F%E3%83%89%E5%9B%BD%E9%9A%9B%E3%82%B9%E3%82%BF%E3%82%B8%E3%82%A2%E3%83%A0.jpg,"Saudi Arabia national football team, Al-Hilal, Al-Nassr, Al-Shabab","[24.7885806, 46.8391448601]"
111,Soldier Field,61500,North America,United States,Chicago,https://upload.wikimedia.org/wikipedia/commons/thumb/8/8b/The_Refurbished_Soldier_Field.jpg/220px-The_Refurbished_Soldier_Field.jpg,Chicago Bears,"[41.86245145, -87.616715147]"
112,Nanjing Olympic Sports Centre Stadium,61443,East Asia,China,"Nanjing, Jiangsu",https://upload.wikimedia.org/wikipedia/commons/thumb/b/b5/Nanjing_Olympic_Sports_Center_inner_view_%282016%29.jpg/220px-Nanjing_Olympic_Sports_Center_inner_view_%282016%29.jpg,,"[32.01068245, 118.7197542541]"
113,Estadio Benito Villamarín,60720,Europe,Spain,Seville,https://upload.wikimedia.org/wikipedia/commons/thumb/6/6d/Estadio_Benito_Villamar%C3%ADn_2018001.jpg/220px-Estadio_Benito_Villamar%C3%ADn_2018001.jpg,Real Betis,"[37.35653545, -5.9817565562]"
114,Abuja Stadium,60491,Africa,Nigeria,Abuja,https://upload.wikimedia.org/wikipedia/commons/thumb/d/d2/Football_heaven.jpg/220px-Football_heaven.jpg,Nigeria national football team,"[9.0643305, 7.4892974]"
115,MHPArena,60469,Europe,Germany,Stuttgart,https://upload.wikimedia.org/wikipedia/commons/thumb/5/53/Neckarstadion_2011.jpg/220px-Neckarstadion_2011.jpg,VfB Stuttgart,"[48.8911701, 9.1824201572]"
116,Celtic Park,60411,Europe,Scotland,Glasgow,https://upload.wikimedia.org/wikipedia/commons/thumb/c/ce/Celtic_park_2.jpg/220px-Celtic_park_2.jpg,Celtic FC,"[55.8497578, -4.2054688699]"
117,Emirates Stadium,60338,Europe,England,London,https://upload.wikimedia.org/wikipedia/commons/thumb/d/d1/Emirates_Stadium_-_East_stand_Club_Level.jpg/220px-Emirates_Stadium_-_East_stand_Club_Level.jpg,Arsenal F.C.,"[51.55504035, -0.1083996709]"
118,Shenzhen Universiade Sports Centre,60334,East Asia,China,"Shenzhen, Guangdong",https://upload.wikimedia.org/wikipedia/commons/thumb/1/11/%E6%B7%B1%E5%9C%B3%E9%BE%99%E5%B2%97%E5%A4%A7%E8%BF%90%E4%B8%AD%E5%BF%83%E4%BD%93%E8%82%B2%E9%A6%86%E5%86%85%E9%83%A8.jpg/220px-%E6%B7%B1%E5%9C%B3%E9%BE%99%E5%B2%97%E5%A4%A7%E8%BF%90%E4%B8%AD%E5%BF%83%E4%BD%93%E8%82%B2%E9%A6%86%E5%86%85%E9%83%A8.jpg,,"[22.69854985, 114.2110765984]"
119,Stadio Diego Armando Maradona,60240,Europe,Italy,Naples,https://upload.wikimedia.org/wikipedia/commons/thumb/f/f0/Braciere_olimpico_XXX_Universiade_Napoli_2019.jpg/220px-Braciere_olimpico_XXX_Universiade_Napoli_2019.jpg,Napoli,"[40.82797725, 14.1928889639]"
120,Estadio Centenario,60235,South America,Uruguay,Montevideo,https://upload.wikimedia.org/wikipedia/commons/thumb/9/98/Estadio_Centenario_2021.jpg/220px-Estadio_Centenario_2021.jpg,Uruguay national football team,"[-34.89453925, -56.1526840941]"
121,Estádio do Arruda,60044,South America,Brazil,"Recife, Pernambuco",https://upload.wikimedia.org/wikipedia/commons/thumb/1/1b/Arruda_em_novembro_de_2013.JPG/220px-Arruda_em_novembro_de_2013.JPG,Santa Cruz FC,"[-8.0268093, -34.8911966745]"
122,Al-Bayt Stadium,60000,West Asia,Qatar,Al Khor,https://upload.wikimedia.org/wikipedia/en/thumb/7/71/Al_Bayt_Stadium_architecture.jpg/220px-Al_Bayt_Stadium_architecture.jpg,,"[25.6521339, 51.4878054731]"
123,Benjamin Mkapa National Stadium,60000,Africa,Tanzania,Dar es-Salaam,https://upload.wikimedia.org/wikipedia/commons/thumb/e/ef/Tanzania_National_Main_Stadium_Aerial.jpg/220px-Tanzania_National_Main_Stadium_Aerial.jpg,"Tanzania national football team, Young Africans","[-6.8535813, 39.2732989607]"
124,Hefei Olympic Sports Centre Stadium,60000,East Asia,China,"Hefei, Anhui",https://upload.wikimedia.org/wikipedia/commons/thumb/8/8e/Hefei_Olympic_Sports_Center_Stadium.jpg/220px-Hefei_Olympic_Sports_Center_Stadium.jpg,Anhui Jiufang,"[31.797877, 117.2226120308]"
125,Jaber al-Ahmad International Stadium,60000,West Asia,Kuwait,Kuwait City,https://upload.wikimedia.org/wikipedia/en/thumb/1/18/Jaber_Al-Ahmad_International_Stadium_2019_local.png/220px-Jaber_Al-Ahmad_International_Stadium_2019_local.png,Kuwait national football team,"[29.27146495, 47.9187755027]"
126,Hammadi Agrebi Stadium,60000,Africa,Tunisia,Tunis,https://upload.wikimedia.org/wikipedia/commons/thumb/0/02/Mozambique-Tunisia_match_2009.jpg/220px-Mozambique-Tunisia_match_2009.jpg,Tunisia national football team,"[36.74777165, 10.2731399862]"
127,Jawaharlal Nehru Stadium,60000,South Asia,India,New Delhi,https://upload.wikimedia.org/wikipedia/commons/thumb/a/a0/Jawaharlal_Nehru_Stadium%2C_New_Delhi.png/220px-Jawaharlal_Nehru_Stadium%2C_New_Delhi.png,,"[28.58337705, 77.2335404029]"
128,Estádio da Machava,60000,Africa,Mozambique,Maputo,https://upload.wikimedia.org/wikipedia/commons/thumb/0/0a/No-image-available.png/480px-No-image-available.png,Mozambique national football team,"[-25.9174099, 32.5263788473]"
129,Mogadishu Stadium,60000,Africa,Somalia,Mogadishu,https://upload.wikimedia.org/wikipedia/commons/thumb/e/e0/Mogadishustadium.jpg/220px-Mogadishustadium.jpg,Somalia national football team,"[2.06746715, 45.335464789]"
130,National Heroes Stadium,60000,Africa,Zambia,Lusaka,https://upload.wikimedia.org/wikipedia/commons/thumb/f/fe/Inauguration_of_Edgar_Lungu.jpg/220px-Inauguration_of_Edgar_Lungu.jpg,Zambian national football team,"[-15.3695067, 28.2737420222]"
131,Odi Stadium,60000,Africa,South Africa,"Mabopane, Gauteng",https://upload.wikimedia.org/wikipedia/commons/thumb/0/0a/No-image-available.png/480px-No-image-available.png,,"[-25.5216914, 28.040565091]"
132,Shenyang Olympic Sports Center Stadium,60000,East Asia,China,"Shenyang, Liaoning",https://upload.wikimedia.org/wikipedia/commons/thumb/5/52/Shenyang_Olympic_Sports_Center_Stadium_drone_view_1.jpg/220px-Shenyang_Olympic_Sports_Center_Stadium_drone_view_1.jpg,,"[41.8026095, 123.4279105]"
133,Optus Stadium,60000,Oceania,Australia,"Perth, Western Australia",https://upload.wikimedia.org/wikipedia/commons/thumb/c/cb/Perth_Stadium_opening_210118_gnangarra-10.jpg/220px-Perth_Stadium_opening_210118_gnangarra-10.jpg,"Perth Glory FC, Fremantle Dockers, West Coast Eagles","[-31.9510448, 115.8890756277]"
134,Estadio Monumental Isidro Romero Carbo,59283,South America,Ecuador,Guayaquil,https://upload.wikimedia.org/wikipedia/commons/thumb/3/30/Estadio_Monumental_de_Barcelona.jpg/220px-Estadio_Monumental_de_Barcelona.jpg,Barcelona Sporting Club,"[-2.18572035, -79.9249708426]"
135,Groupama Stadium,59186,Europe,France,Décines-Charpieu,https://upload.wikimedia.org/wikipedia/commons/thumb/c/c4/Stade_Lumi%C3%A8re.jpg/220px-Stade_Lumi%C3%A8re.jpg,Olympique Lyonnais,"[45.7653624, 4.9820543111]"
136,Chongqing Olympic Sports Centre Stadium,58680,East Asia,China,Chongqing,https://upload.wikimedia.org/wikipedia/commons/thumb/e/e1/Chongqing_Olympic_Stadium.jpg/220px-Chongqing_Olympic_Stadium.jpg,Chongqing Lifan,"[29.52863975, 106.5021602895]"
137,Stadion Narodowy,58580,Europe,Poland,Warsaw,https://upload.wikimedia.org/wikipedia/commons/thumb/7/76/National_Stadium_panorama.jpg/220px-National_Stadium_panorama.jpg,Poland national football team,"[52.2399367, 21.0452876996]"
138,Stadio San Nicola,58270,Europe,Italy,"Bari, Apulia",https://upload.wikimedia.org/wikipedia/commons/thumb/7/7f/Nuoviseggiolinisannicola.jpg/220px-Nuoviseggiolinisannicola.jpg,SSC Bari,"[41.0847276, 16.8400848978]"
139,Estadio La Cartuja de Sevilla,57619,Europe,Spain,Seville,https://upload.wikimedia.org/wikipedia/commons/thumb/7/7b/Panoramio_-_V%26A_Dudush_-_Estadio_Ol%C3%ADmpico_57_619.jpg/220px-Panoramio_-_V%26A_Dudush_-_Estadio_Ol%C3%ADmpico_57_619.jpg,,"[37.41723525, -6.0046133617]"
140,Carter–Finley Stadium,57583,North America,United States,"Raleigh, North Carolina",https://upload.wikimedia.org/wikipedia/commons/thumb/2/2e/Carter_Finley_Stadium_at_Sunset.jpg/220px-Carter_Finley_Stadium_at_Sunset.jpg,NC State Wolfpack football,"[35.80084645, -78.7196045158]"
141,Volksparkstadion,57030,Europe,Germany,Hamburg,https://upload.wikimedia.org/wikipedia/commons/thumb/7/79/Volksparkstadion_Panorama.jpg/220px-Volksparkstadion_Panorama.jpg,Hamburger SV,"[53.5871535, 9.8987055537]"
142,Estadio Mario Alberto Kempes,57000,South America,Argentina,Córdoba,https://upload.wikimedia.org/wikipedia/commons/thumb/d/d9/Estadio_Kempes_luego_de_finalizar_un_partido.jpg/220px-Estadio_Kempes_luego_de_finalizar_un_partido.jpg,"Talleres de Córdoba, some Belgrano de Córdoba matches.","[-31.36884685, -64.2461450792]"
143,Jinan Olympic Sports Centre Stadium,56808,East Asia,China,"Jinan, Shandong",https://upload.wikimedia.org/wikipedia/commons/thumb/1/1f/JinanOlympic.JPG/220px-JinanOlympic.JPG,Shandong Taishan,"[36.65637625, 117.110232194]"
144,Estadio Jalisco,56713,North America,Mexico,"Guadalajara, Jalisco",https://upload.wikimedia.org/wikipedia/commons/thumb/8/82/Estadio_Jalisco_06022022.jpg/220px-Estadio_Jalisco_06022022.jpg,Atlas,"[21.52065345, -102.2328443329]"
145,Commonwealth Stadium,56302,North America,Canada,"Edmonton, Alberta",https://upload.wikimedia.org/wikipedia/commons/thumb/f/f3/Commonwealth_Stadium.jpg/220px-Commonwealth_Stadium.jpg,"Edmonton Elks, Canadian men's and women's national teams","[53.55970035, -113.4776475019]"
146,Dodger Stadium,56000,North America,United States,Los Angeles,https://upload.wikimedia.org/wikipedia/commons/thumb/d/d2/Dodger_Stadium_field_from_upper_deck_2015-10-04.jpg/220px-Dodger_Stadium_field_from_upper_deck_2015-10-04.jpg,Los Angeles Dodgers,"[34.0736263, -118.2389758157]"
147,Stade du 19-mai-1956,56000,Africa,Algeria,Annaba,https://upload.wikimedia.org/wikipedia/commons/thumb/8/88/Annaba_Stadium.jpg/220px-Annaba_Stadium.jpg,USM Annaba,"[36.8858603, 7.7330747274]"
148,Estadi Olímpic Lluís Companys,55926,Europe,Spain,"Barcelona, Catalonia",https://upload.wikimedia.org/wikipedia/commons/thumb/f/ff/Estadi_Ol%C3%ADmpic_Llu%C3%ADs_Companys_-_Barcelona%2C_Spain_-_Jan_2007.jpg/220px-Estadi_Ol%C3%ADmpic_Llu%C3%ADs_Companys_-_Barcelona%2C_Spain_-_Jan_2007.jpg,,"[41.36472, 2.155645097]"
149,Arena do Grêmio,55662,South America,Brazil,"Porto Alegre, Rio Grande do Sul",https://upload.wikimedia.org/wikipedia/commons/thumb/a/a2/Arena_do_Gr%C3%AAmio.jpg/220px-Arena_do_Gr%C3%AAmio.jpg,Grêmio FBPA,"[-29.97404295, -51.1951073494]"
150,Arena Națională,55634,Europe,Romania,Bucharest,https://upload.wikimedia.org/wikipedia/commons/thumb/1/1a/Stadionul_National_-_National_Arena_3.jpg/220px-Stadionul_National_-_National_Arena_3.jpg,Romania national football team,"[44.439534, 26.1503626]"
151,Stadion Rajko Mitić,55538,Europe,Serbia,Belgrade,https://upload.wikimedia.org/wikipedia/commons/thumb/7/70/Zvezda_stadion.jpg/220px-Zvezda_stadion.jpg,"Red Star Belgrade, Serbia national football team","[44.78322025, 20.4646750509]"
152,Stadion Śląski,55211,Europe,Poland,Chorzów,https://upload.wikimedia.org/wikipedia/commons/thumb/c/c4/Widok_bramka.jpg/220px-Widok_bramka.jpg,"Poland national football team, Ruch Chorzów","[50.28824565, 18.9734993195]"
153,Etihad Stadium,55097,Europe,England,"Manchester, North West England",https://upload.wikimedia.org/wikipedia/commons/thumb/b/b8/Etihad_Stadium.jpg/220px-Etihad_Stadium.jpg,Manchester City F.C.,"[53.48309105, -2.2002520023]"
154,Mestalla,55000,Europe,Spain,Valencia,https://upload.wikimedia.org/wikipedia/commons/thumb/a/af/CAMP_DE_MESTALLA_GRADA_DE_LA_MAR_2014_%282%29.JPG/220px-CAMP_DE_MESTALLA_GRADA_DE_LA_MAR_2014_%282%29.JPG,Valencia CF,"[39.4744911, -0.3581183958]"
155,National Stadium,55000,Southeast Asia,Singapore,Singapore,https://upload.wikimedia.org/wikipedia/commons/thumb/f/f5/SingaporeNationalStadiumJapanBrazilFootball.jpg/220px-SingaporeNationalStadiumJapanBrazilFootball.jpg,Singapore national football team,"[1.30449095, 103.8743437185]"
156,National Stadium,55000,East Asia,Taiwan,Kaohsiung,https://upload.wikimedia.org/wikipedia/commons/thumb/5/5f/The_Main_Stadium_for_2009_World_Games_panorama.jpg/220px-The_Main_Stadium_for_2009_World_Games_panorama.jpg,Chinese Taipei national football team,"[22.70282705, 120.2935993582]"
157,He Long Stadium,55000,East Asia,China,"Changsha, Hunan",https://upload.wikimedia.org/wikipedia/commons/thumb/7/75/Helong_Stadium.jpg/220px-Helong_Stadium.jpg,,"[28.181759, 112.9773896965]"
158,Cape Town Stadium,55000,Africa,South Africa,"Cape Town, Western Cape",https://upload.wikimedia.org/wikipedia/commons/thumb/0/06/Cape_Town_Stadium_Inside.jpg/220px-Cape_Town_Stadium_Inside.jpg,"Cape Town City FC, DHL Western Cape Stormers","[-33.9034601, 18.4111458249]"
159,Plovdiv Stadium,55000,Europe,Bulgaria,Plovdiv,https://upload.wikimedia.org/wikipedia/commons/thumb/0/0c/Plovdiv_Stadium.JPG/220px-Plovdiv_Stadium.JPG,,"[42.14970905, 24.719840928]"
160,Bobby Dodd Stadium,55000,North America,United States,Atlanta,https://upload.wikimedia.org/wikipedia/commons/thumb/a/a4/BDS2013.jpg/220px-BDS2013.jpg,Georgia Tech Yellow Jackets football,"[33.77249995, -84.3929457339]"
161,Johan Cruyff Arena,54990,Europe,Netherlands,Amsterdam,https://upload.wikimedia.org/wikipedia/commons/thumb/7/73/Ajax_0_Chelsea_1_%2823Oct19%29.jpg/220px-Ajax_0_Chelsea_1_%2823Oct19%29.jpg,AFC Ajax,"[52.3730796, 4.8924534]"
162,Tianhe Stadium,54856,East Asia,China,"Guangzhou, Guangdong",https://upload.wikimedia.org/wikipedia/commons/thumb/1/1f/Tianhe_Stadium.jpg/220px-Tianhe_Stadium.jpg,,"[23.1405033, 113.3193596629]"
163,Tianjin Olympic Sports Centre Stadium,54696,East Asia,China,Tianjin,https://upload.wikimedia.org/wikipedia/commons/thumb/7/72/Tianjin_Olympic_Center_Stadium.jpg/220px-Tianjin_Olympic_Center_Stadium.jpg,Tianjin Teda,"[39.084802, 117.1959904]"
164,MERKUR SPIEL-ARENA,54600,Europe,Germany,Düsseldorf,https://upload.wikimedia.org/wikipedia/commons/thumb/a/a7/LTU_arena_panorama.jpg/220px-LTU_arena_panorama.jpg,Fortuna Düsseldorf,"[51.26162905, 6.7331516101]"
165,Boris Paitchadze Dinamo Arena,54549,West Asia,Georgia,Tbilisi,https://upload.wikimedia.org/wikipedia/commons/thumb/3/38/Boris_Paichadze_Dinamo_Arena%2C_Samtredia_-_Qaraba%C4%9F.jpg/220px-Boris_Paichadze_Dinamo_Arena%2C_Samtredia_-_Qaraba%C4%9F.jpg,"Georgia national football team, FC Dinamo Tbilisi","[41.7230833, 44.7898201386]"
166,Wuhan Sports Centre Stadium,54357,East Asia,China,"Wuhan, Hubei",https://upload.wikimedia.org/wikipedia/commons/thumb/6/6d/Wuhan_Sport_Centre_01.jpg/220px-Wuhan_Sport_Centre_01.jpg,,"[30.50246795, 114.1661280796]"
167,BC Place Stadium,54320,North America,Canada,"Vancouver, British Columbia",https://upload.wikimedia.org/wikipedia/commons/thumb/f/ff/BC_Place_2015_Women%27s_FIFA_World_Cup.jpg/220px-BC_Place_2015_Women%27s_FIFA_World_Cup.jpg,"Vancouver Whitecaps FC, BC Lions","[49.2766905, -123.1120061895]"
168,Yankee Stadium,54251,North America,United States,New York City,https://upload.wikimedia.org/wikipedia/commons/thumb/5/5f/YankeeStadium-9-21-22-1.jpg/220px-YankeeStadium-9-21-22-1.jpg,"New York Yankees, New York City FC","[40.82958275, -73.9265211849]"
169,Hrazdan Stadium,54208,West Asia,Armenia,Yerevan,https://upload.wikimedia.org/wikipedia/commons/thumb/7/71/HrazdanArmeniaTurkey.JPG/220px-HrazdanArmeniaTurkey.JPG,"FC Ararat Yerevan, Ulisses FC","[40.18036705, 44.4946722922]"
170,Anfield,54167,Europe,England,"Liverpool, England",https://upload.wikimedia.org/wikipedia/commons/thumb/0/02/Panorama_of_Anfield_with_new_main_stand_%2829676137824%29.jpg/220px-Panorama_of_Anfield_with_new_main_stand_%2829676137824%29.jpg,Liverpool F.C.,"[53.4308358, -2.9609095414]"
171,BORUSSIA-PARK,54057,Europe,Germany,Mönchengladbach,https://upload.wikimedia.org/wikipedia/commons/thumb/5/5d/Borussia-Park_DEU-FRA_2011.jpg/220px-Borussia-Park_DEU-FRA_2011.jpg,Borussia Mönchengladbach,"[51.17462495, 6.3854093679]"
172,Estadio Alberto J. Armando,54000,South America,Argentina,Buenos Aires,https://upload.wikimedia.org/wikipedia/commons/thumb/9/99/La_Bombonera.jpg/220px-La_Bombonera.jpg,CA Boca Juniors,"[-34.6356227, -58.3648744935]"
173,Moses Mabhida Stadium,54000,Africa,South Africa,"Durban, KwaZulu-Natal",https://upload.wikimedia.org/wikipedia/commons/thumb/9/9c/FIFA_World_Cup_2010_Netherlands_Japan.jpg/220px-FIFA_World_Cup_2010_Netherlands_Japan.jpg,"AmaZulu FC, Cell C Durban Sharks","[-29.8290201, 31.031374086]"
174,Busan Asiad Main Stadium,53864,East Asia,South Korea,Busan,https://upload.wikimedia.org/wikipedia/commons/thumb/7/73/BusanAsiadStadium.jpg/220px-BusanAsiadStadium.jpg,Busan IPark,"[35.1900767, 129.0595481429]"
175,Estádio Estadual Jornalista Edgar Augusto Proença,53645,South America,Brazil,"Belém, Pará",https://upload.wikimedia.org/wikipedia/commons/thumb/f/fe/Est%C3%A1dio_Ol%C3%ADmpico_do_Par%C3%A1_-_2.jpg/220px-Est%C3%A1dio_Ol%C3%ADmpico_do_Par%C3%A1_-_2.jpg,"Paysandu SC, Clube do Remo, Tuna Luso Brasileira, SC Belem","[-1.3811366, -48.4448264508]"
176,Adelaide Oval,53500,Oceania,Australia,"Adelaide, South Australia",https://upload.wikimedia.org/wikipedia/commons/thumb/a/a3/After_Game_Kick_and_Catch_%2813750115664%29.jpg/220px-After_Game_Kick_and_Catch_%2813750115664%29.jpg,"Adelaide Crows, Port Adelaide Powers","[-34.9155596, 138.5961478725]"
177,Docklands Stadium,53359,Oceania,Australia,"Melbourne, Victoria",https://upload.wikimedia.org/wikipedia/commons/thumb/7/71/Melbourne_Derby_December_2014.jpg/220px-Melbourne_Derby_December_2014.jpg,"Western Bulldogs, Essendon, St. Kilda, Carlton, North Melbourne","[-37.816529, 144.9475169767]"
178,Estádio Parque do Sabiá,53350,South America,Brazil,"Uberlândia, Minas Gerais",https://upload.wikimedia.org/wikipedia/commons/thumb/2/2f/Est%C3%A1dio_Parque_do_Sabi%C3%A1.jpg/220px-Est%C3%A1dio_Parque_do_Sabi%C3%A1.jpg,Uberlânia EC,"[-18.91308715, -48.2329942146]"
179,San Mamés Stadium,53332,Europe,Spain,Bilbao,https://upload.wikimedia.org/wikipedia/commons/thumb/f/f8/San_Mames%2C_Bilbao%2C_Euskal_Herria_-_Basque_Country.jpg/220px-San_Mames%2C_Bilbao%2C_Euskal_Herria_-_Basque_Country.jpg,Athletic Bilbao,"[43.264204, -2.9493914529]"
180,Aleppo International Stadium,53200,West Asia,Syria,Aleppo,https://upload.wikimedia.org/wikipedia/commons/thumb/b/be/Aleppo_International_Stadium%2C_day_view%2C_2009_%281%29.jpg/220px-Aleppo_International_Stadium%2C_day_view%2C_2009_%281%29.jpg,Al-Ittihad,"[36.1849318, 37.1176418366]"
181,Estadio Ciudad de La Plata,53000,South America,Argentina,La Plata,https://upload.wikimedia.org/wikipedia/commons/thumb/8/88/EstadioUnicoLaPlata_Interior_June2014.jpg/220px-EstadioUnicoLaPlata_Interior_June2014.jpg,"Estudiantes de La Plata, Club de Gimnasia y Esgrima La Plata","[-34.91384075, -57.9890476248]"
182,Huanglong Stadium,52672,East Asia,China,"Hangzhou, Zhejiang",https://upload.wikimedia.org/wikipedia/commons/thumb/5/53/Hangzhou-yellow-dragon-stad.jpg/220px-Hangzhou-yellow-dragon-stad.jpg,Hangzhou FC,"[30.2489634, 120.2052342]"
183,Nef Stadyumu,52652,Europe,Turkey,Istanbul,https://upload.wikimedia.org/wikipedia/commons/thumb/d/d7/Galatasaray_Arena_North-West_Corner.jpg/220px-Galatasaray_Arena_North-West_Corner.jpg,Galatasaray,"[41.10342555, 28.9910379503]"
184,Suncorp Stadium,52500,Oceania,Australia,"Brisbane, Queensland",https://upload.wikimedia.org/wikipedia/commons/thumb/4/46/Suncorpstadium071006a.JPG/220px-Suncorpstadium071006a.JPG,"Brisbane Broncos, Queensland Maroons, Brisbane Roar FC, Queensland Reds","[-27.46486025, 153.0096055]"
185,St. James' Park,52405,Europe,England,"Newcastle upon Tyne, North East",https://upload.wikimedia.org/wikipedia/commons/thumb/6/6e/StJamesParkPanorama.jpg/220px-StJamesParkPanorama.jpg,Newcastle United F.C.,"[54.9754693, -1.6218736662]"
186,Stade Prince Moulay Abdellah,52000,Africa,Morocco,Rabat,https://upload.wikimedia.org/wikipedia/commons/thumb/f/f2/Stade_Prince_Moulay_Abdellah.jpg/220px-Stade_Prince_Moulay_Abdellah.jpg,Morocco national football team,"[33.95980675, -6.8899476338]"
187,Kings Park Stadium,52000,Africa,South Africa,"Durban, KwaZulu-Natal",https://upload.wikimedia.org/wikipedia/commons/thumb/b/bc/Kings_Park_panorama.jpg/220px-Kings_Park_panorama.jpg,"Lamontville Golden Arrows, Cell C Durban Sharks","[-29.82480505, 31.0289735201]"
188,Newlands Stadium,51900,Africa,South Africa,"Cape Town, Western Cape",https://upload.wikimedia.org/wikipedia/commons/thumb/4/48/Proudly_South_African.jpg/220px-Proudly_South_African.jpg,,"[-33.9705226, 18.4685626255]"
189,Hampden Park,51866,Europe,Scotland,Glasgow,https://upload.wikimedia.org/wikipedia/commons/thumb/d/dc/Hampden_Park%2C_January_2023.jpg/220px-Hampden_Park%2C_January_2023.jpg,"Scotland national football team, Queen's Park F.C.","[55.82574505, -4.2519787945]"
190,Estadio Monumental de Maturín,51796,South America,Venezuela,Maturín,https://upload.wikimedia.org/wikipedia/commons/thumb/8/8d/Monumental_de_maturin_3.jpg/220px-Monumental_de_maturin_3.jpg,Monagas Sport Club,"[9.7422774, -63.1888854]"
191,Loftus Versfeld Stadium,51762,Africa,South Africa,"Pretoria, Gauteng",https://upload.wikimedia.org/wikipedia/commons/thumb/6/6c/Loftus_Versfeld_Game_Night.JPG/220px-Loftus_Versfeld_Game_Night.JPG,SuperSport United and Vodacom Pretoria Bulls,"[-25.75323475, 28.2229327477]"
192,Aviva Stadium,51700,Europe,Ireland,Dublin,https://upload.wikimedia.org/wikipedia/commons/thumb/a/a1/Aviva_Stadium_Panoramic.jpg/220px-Aviva_Stadium_Panoramic.jpg,"Leinster Rugby, Republic of Ireland national football team, Ireland national rugby union team","[53.3352331, -6.2281784715]"
193,Guiyang Olympic Sports Centre Stadium,51638,East Asia,China,"Guiyang, Guizhou",https://upload.wikimedia.org/wikipedia/commons/thumb/c/c3/Guiyang_Olympic_Sports_Center.jpg/220px-Guiyang_Olympic_Sports_Center.jpg,,"[26.6206664, 106.605846725]"
194,Hohhot City Stadium,51632,East Asia,China,"Hohhot, Inner Mongolia",https://upload.wikimedia.org/wikipedia/commons/thumb/5/57/Hohhot_City_Stadium.jpg/220px-Hohhot_City_Stadium.jpg,,"[40.85113965, 111.6504625053]"
195,Rajamangala National Stadium,51552,Southeast Asia,Thailand,Bangkok,https://upload.wikimedia.org/wikipedia/commons/thumb/0/06/Rajamangala_Stadium_Panorama.jpg/220px-Rajamangala_Stadium_Panorama.jpg,Thailand national football team,"[13.7524938, 100.4935089]"
196,Donbass Arena,51504,Europe,Ukraine,Donetsk,https://upload.wikimedia.org/wikipedia/commons/thumb/8/8c/Donbass_Arena.jpg/220px-Donbass_Arena.jpg,,"[48.02110375, 37.8090531358]"
197,Deutsche Bank Park,51500,Europe,Germany,Frankfurt,https://upload.wikimedia.org/wikipedia/commons/thumb/f/f4/Commerzbank-Arena_%28Haupttrib%C3%BCne%29.JPG/220px-Commerzbank-Arena_%28Haupttrib%C3%BCne%29.JPG,Eintracht Frankfurt,"[50.06859935, 8.6454629521]"
198,Estadio Presidente Juan Domingo Perón,51389,South America,Argentina,Avellaneda,https://upload.wikimedia.org/wikipedia/commons/thumb/7/77/Panoramica_Cilindro.jpg/220px-Panoramica_Cilindro.jpg,Racing Club de Avellaneda,"[-34.6673628, -58.3685179443]"
199,İzmir Atatürk Stadyumu,51295,West Asia,Turkey,İzmir,https://upload.wikimedia.org/wikipedia/commons/thumb/e/ec/%C4%B0zmir_Atat%C3%BCrk_Stadyumu.jpg/220px-%C4%B0zmir_Atat%C3%BCrk_Stadyumu.jpg,"Altay SK, Göztepe AŞ","[38.43498345, 27.17801135]"
200,Stadion Feijenoord,51117,Europe,Netherlands,Rotterdam,https://upload.wikimedia.org/wikipedia/commons/thumb/8/89/Rotterdam_De_Kuip_1.jpg/220px-Rotterdam_De_Kuip_1.jpg,Feyenoord,"[51.8938646, 4.52322813]"
201,Estadio BBVA,51000,North America,Mexico,Monterrey,https://upload.wikimedia.org/wikipedia/commons/thumb/f/f9/Estadio_BBVA.jpg/220px-Estadio_BBVA.jpg,CF Monterrey,"[25.66911025, -100.244355943]"
202,Ghadir Stadium,51000,West Asia,Iran,Ahvaz,https://upload.wikimedia.org/wikipedia/commons/thumb/5/5a/Al-Ghadeer_Stadium.jpg/220px-Al-Ghadeer_Stadium.jpg,Foolad FC,"[31.3230637, 48.67932]"
203,Estádio Beira-Rio,50942,South America,Brazil,Porto Alegre. Rio Grande do Sul,https://upload.wikimedia.org/wikipedia/commons/thumb/3/31/Beira-Rio-Stadium-Porto-Alegre-Brazil.jpg/220px-Beira-Rio-Stadium-Porto-Alegre-Brazil.jpg,SC Internacional,"[-21.28552135, -42.5523529548]"
204,Ibrox Stadium,50817,Europe,Scotland,Glasgow,https://upload.wikimedia.org/wikipedia/commons/thumb/4/41/Rangers-SM_%281%29.jpg/220px-Rangers-SM_%281%29.jpg,Rangers F.C.,"[55.85322665, -4.3092146406]"
205,Shizuoka Stadium,50889,East Asia,Japan,"Fukuroi, Shizuoka",https://upload.wikimedia.org/wikipedia/commons/thumb/d/d7/Ecopa030304.jpg/220px-Ecopa030304.jpg,"Júbilo Iwata, Shimizu S-Pulse, Shizuoka Blue Revs","[34.74343045, 137.9707288954]"
206,Ernst-Happel-Stadion,50865,Europe,Austria,Vienna,https://upload.wikimedia.org/wikipedia/commons/thumb/3/3c/EM_2008_Elfmeter_Kroatien_%C3%96sterreich.jpg/220px-EM_2008_Elfmeter_Kroatien_%C3%96sterreich.jpg,Austria national football team,"[48.2071637, 16.4196425662]"
207,Huntington Bank Stadium,50805,North America,United States,Minneapolis,https://upload.wikimedia.org/wikipedia/en/thumb/c/cf/MNUFCTCF.jpeg/220px-MNUFCTCF.jpeg,Minnesota Golden Gophers football,"[44.97653965, -93.2231906825]"
208,Estadio Cuauhtémoc,50754,North America,Mexico,Puebla,https://upload.wikimedia.org/wikipedia/commons/thumb/2/24/Rampa_norte.jpg/220px-Rampa_norte.jpg,Puebla FC,"[19.07798325, -98.1643375101]"
209,Friends Arena,50653,Europe,Sweden,Solna,https://upload.wikimedia.org/wikipedia/commons/thumb/2/2b/FriendsArena_SwedenSpain.jpg/220px-FriendsArena_SwedenSpain.jpg,"Sweden national football team, AIK Fotboll","[59.37250385, 18.0016672389]"
210,Ülker Stadyumu,50509,West Asia,Turkey,Istanbul,https://upload.wikimedia.org/wikipedia/commons/thumb/6/67/Sukrusaracoglu.jpg/220px-Sukrusaracoglu.jpg,Fenerbahçe,"[40.98758065, 29.0369772993]"
211,Stanford Stadium,50424,North America,United States,"Palo Alto, California",https://upload.wikimedia.org/wikipedia/commons/thumb/d/da/2008-1115-006-USC-Stanford-PAN.jpg/220px-2008-1115-006-USC-Stanford-PAN.jpg,,"[37.43453005, -122.1611629673]"
212,Stade Pierre-Mauroy,50186,Europe,France,Villeneuve-d'Ascq,https://upload.wikimedia.org/wikipedia/commons/thumb/9/90/Mauroy_Stadium_Eurobasket_2015.JPG/220px-Mauroy_Stadium_Eurobasket_2015.JPG,Lille OSC,"[50.61190435, 3.1305079515]"
213,King Baudouin Stadium,50122,Europe,Belgium,Brussels,https://upload.wikimedia.org/wikipedia/commons/thumb/a/a4/Stade_Roi_Baudouin.JPG/220px-Stade_Roi_Baudouin.JPG,Belgium national football team,"[50.89572205, 4.3341279219]"
214,Shaanxi Province Stadium,50100,East Asia,China,"Xi'an, Shaanxi",https://upload.wikimedia.org/wikipedia/commons/thumb/0/0a/No-image-available.png/480px-No-image-available.png,,"[34.2340645, 108.9374555724]"
215,Ajinomoto Stadium,50100,East Asia,Japan,"Chofu, Tokyo",https://upload.wikimedia.org/wikipedia/commons/thumb/5/5c/Ajinomoto_Stadium_2018-13.jpg/220px-Ajinomoto_Stadium_2018-13.jpg,"FC Tokyo, Tokyo Verdy, Tokyo Sungoliath, Toshiba Brave Lupus Tokyo","[35.66418645, 139.5270751782]"
216,Estádio José Alvalade,50095,Europe,Portugal,Lisbon,https://upload.wikimedia.org/wikipedia/commons/thumb/c/cc/Alvalade0023.jpg/220px-Alvalade0023.jpg,Sporting CP,"[38.7612164, -9.1607831347]"
217,Estádio do Dragão,50033,Europe,Portugal,Porto,https://upload.wikimedia.org/wikipedia/commons/thumb/b/b8/Porto_Est%C3%A1dio_do_Drag%C3%A3o_2.jpg/220px-Porto_Est%C3%A1dio_do_Drag%C3%A3o_2.jpg,FC Porto,"[41.16182355, -8.5837491985]"
218,Itaipava Arena Fonte Nova,50025,South America,Brazil,"Salvador, Bahia",https://upload.wikimedia.org/wikipedia/commons/thumb/3/35/Arena_Fonte_Nova_External_View.jpg/220px-Arena_Fonte_Nova_External_View.jpg,EC Bahia,"[-12.97888575, -38.503482173]"
219,Stade Olympique de Sousse,50000,Africa,Tunisia,Sousse,https://upload.wikimedia.org/wikipedia/commons/thumb/b/be/Stade_olympique_de_Sousse.jpg/220px-Stade_olympique_de_Sousse.jpg,Étoile du Sahel,"[35.82349385, 10.6135121336]"
220,RheinEnergieSTADION,50000,Europe,Germany,Cologne,https://upload.wikimedia.org/wikipedia/commons/thumb/8/82/FIFA_WM06_Stadion_Koeln.jpg/220px-FIFA_WM06_Stadion_Koeln.jpg,1. FC Köln,"[50.9335055, 6.8751167403]"
221,Harbin Sports City Center Stadium,50000,East Asia,China,"Harbin, Heilongjiang",https://upload.wikimedia.org/wikipedia/commons/thumb/0/0a/No-image-available.png/480px-No-image-available.png,Harbin Yiteng,"[45.7593633, 126.6276177]"
222,Greenfield International Stadium,50000,South Asia,India,Trivandrum,https://upload.wikimedia.org/wikipedia/commons/thumb/3/35/Greenfield_International_Stadium_Kerala.jpg/220px-Greenfield_International_Stadium_Kerala.jpg,,"[8.5714901, 76.8844034693]"
223,EMS Stadium,50000,South Asia,India,Kozhikode,https://upload.wikimedia.org/wikipedia/commons/thumb/1/1b/Kozhikode_EMS_Stadium.jpg/220px-Kozhikode_EMS_Stadium.jpg,"India national football team, Gokulam Kerala FC","[11.2563999, 75.7856251492]"
224,KD Singh Babu Stadium,50000,South Asia,India,Lucknow,https://upload.wikimedia.org/wikipedia/commons/thumb/6/60/K_D_Singh_Babu_Stadium.jpg/220px-K_D_Singh_Babu_Stadium.jpg,,"[26.8539449, 80.9368084]"
225,Eden Park,50000,Oceania,New Zealand,Auckland,https://upload.wikimedia.org/wikipedia/commons/thumb/e/e6/Auckland_EdenPark.jpg/220px-Auckland_EdenPark.jpg,"Auckland Blues, New Zealand Warriors","[-36.8750352, 174.7440567127]"
226,Estádio 11 de Novembro,50000,Africa,Angola,Luanda,https://upload.wikimedia.org/wikipedia/commons/thumb/6/6b/Football_stadium_%286178263468%29.jpg/220px-Football_stadium_%286178263468%29.jpg,"Angola national football team, Primeiro de Agosto, Petro Luanda","[-8.96987855, 13.2835846847]"
227,Henan Provincial Stadium,50000,East Asia,China,"Zhengzhou, Henan",https://upload.wikimedia.org/wikipedia/commons/thumb/0/0a/No-image-available.png/480px-No-image-available.png,,"[34.83750225, 113.6228539023]"
228,Jiangxi Olympic Sports Center,50000,East Asia,China,"Nanchang, Jiangxi",https://upload.wikimedia.org/wikipedia/commons/thumb/0/0a/No-image-available.png/480px-No-image-available.png,,"[28.6472124, 116.0348483]"
229,Max-Morlock-Stadion,50000,Europe,Germany,Nuremberg,https://upload.wikimedia.org/wikipedia/commons/thumb/1/15/Frankenstadion_2.JPG/220px-Frankenstadion_2.JPG,1. FC Nürnberg,"[49.42625695, 11.1256705957]"
230,June 11 Stadium,50000,Africa,Libya,Tripoli,https://upload.wikimedia.org/wikipedia/commons/thumb/7/77/11_June_Stadium_BenTaher.jpg/220px-11_June_Stadium_BenTaher.jpg,"Libya, Al-Ahly SC, Al-Ittihad Tripoli, Al-Madina SC","[32.85990575, 13.1359000473]"
231,Xinjiang Sports Centre Stadium,50000,East Asia,China,"Urumqi, Xinjiang",https://upload.wikimedia.org/wikipedia/commons/thumb/0/0a/No-image-available.png/480px-No-image-available.png,,"[43.419754, 87.319461]"
232,Kim Il-sung Stadium,50000,East Asia,North Korea,Pyongyang,https://upload.wikimedia.org/wikipedia/commons/thumb/3/39/North_Korea_v_Philippines%2C_8_October_2015_F.png/220px-North_Korea_v_Philippines%2C_8_October_2015_F.png,Pyongyang City Sports Club,"[39.04385845, 125.7577377209]"
233,Hiroshima Big Arch,50000,East Asia,Japan,Hiroshima,https://upload.wikimedia.org/wikipedia/commons/thumb/3/3e/Big_Arch_Stadium_Panorama.jpg/220px-Big_Arch_Stadium_Panorama.jpg,Sanfrecce Hiroshima,"[34.3917241, 132.4517589]"
234,Pars Shiraz Stadium,50000,West Asia,Iran,Shiraz,https://upload.wikimedia.org/wikipedia/commons/thumb/b/be/Pars_Stadium_Photos_Image_6.jpg/220px-Pars_Stadium_Photos_Image_6.jpg,Fajr Sepasi Shiraz FC,"[29.6060218, 52.5378041]"
235,Stade du 26 Mars,50000,Africa,Mali,Bamako,https://upload.wikimedia.org/wikipedia/commons/thumb/1/10/Stade_du_26-mars.png/220px-Stade_du_26-mars.png,Stade Malien,"[12.6043766, -7.9217373945]"
236,Diamniadio Olympic Stadium,50000,Africa,Senegal,Dakar,https://upload.wikimedia.org/wikipedia/commons/thumb/4/45/Stade_Abdoulaye_Wade.jpg/220px-Stade_Abdoulaye_Wade.jpg,Senegal national football team,"[14.693425, -17.447938]"
237,Sultan Mizan Zainal Abidin Stadium,50000,Southeast Asia,Malaysia,Kuala Terengganu,https://upload.wikimedia.org/wikipedia/commons/thumb/0/00/Sultan_Mizan_Zainal_Abidin_Stadium_%28Night%29_2021.jpg/220px-Sultan_Mizan_Zainal_Abidin_Stadium_%28Night%29_2021.jpg,Terengganu FA,"[5.36971345, 103.1056811603]"
238,Estadio Akron,49850,North America,Mexico,Guadalajara,https://upload.wikimedia.org/wikipedia/commons/thumb/f/f1/Omnilife_Stadium.png/220px-Omnilife_Stadium.png,C.D. Guadalajara,"[20.68177085, -103.4618463599]"
239,Levy Mwanawasa Stadium,49800,Africa,Zambia,Lusaka,https://upload.wikimedia.org/wikipedia/commons/thumb/0/0a/No-image-available.png/480px-No-image-available.png,Zesco United,"[-12.97553125, 28.611226774]"
240,Fritz-Walter-Stadion,49780,Europe,Germany,Kaiserslautern,https://upload.wikimedia.org/wikipedia/commons/thumb/1/18/Kaiserslautern_18.JPG/220px-Kaiserslautern_18.JPG,1. FC Kaiserslautern,"[49.4345739, 7.7766235352]"
241,José Amalfitani Stadium,49540,South America,Argentina,Buenos Aires,https://upload.wikimedia.org/wikipedia/commons/thumb/3/33/Argentina_A_vs_Inglaterra_A_02.JPG/220px-Argentina_A_vs_Inglaterra_A_02.JPG,CA Vélez Sársfield,"[-34.6353382, -58.520678813]"
242,Camille Chamoun Sports City Stadium,49500,West Asia,Lebanon,Beirut,https://upload.wikimedia.org/wikipedia/commons/thumb/a/a8/Camille_Chamoun_Sports_City_Stadium_2018_-_Beirut_derby_%28Nejmeh_fans%29.png/220px-Camille_Chamoun_Sports_City_Stadium_2018_-_Beirut_derby_%28Nejmeh_fans%29.png,"Lebanon national football team, Al Ahed FC, Al Ansar FC, Nejmeh SC","[33.86707815, 35.4951176168]"
243,Miyagi Stadium,49133,East Asia,Japan,"Rifu, Miyagi",https://upload.wikimedia.org/wikipedia/commons/thumb/9/9b/MiyagiStadiumTrackField.jpg/220px-MiyagiStadiumTrackField.jpg,Vegalta Sendai,"[38.3353656, 140.9503846084]"
244,Incheon Munhak Stadium,49084,East Asia,South Korea,Incheon,https://upload.wikimedia.org/wikipedia/commons/thumb/d/df/Munhak_Stadium_Corner.jpg/220px-Munhak_Stadium_Corner.jpg,,"[37.4350773, 126.6907515569]"
245,Heinz-von-Heiden-Arena,49000,Europe,Germany,Hanover,https://upload.wikimedia.org/wikipedia/commons/thumb/9/9e/HDI_Arena%2C_WM_Stadion_2006.jpg/220px-HDI_Arena%2C_WM_Stadion_2006.jpg,Hannover 96,"[52.36002595, 9.7310160501]"
246,Parc des Princes,48712,Europe,France,Paris,https://upload.wikimedia.org/wikipedia/commons/thumb/8/89/PSG-Nantes_Parc_des_Princes_05.jpg/220px-PSG-Nantes_Parc_des_Princes_05.jpg,Paris Saint-Germain F.C.,"[48.8413634, 2.2530693162]"
247,Stadium of Light,48707,Europe,England,"Sunderland, Tyne and Wear",https://upload.wikimedia.org/wikipedia/commons/thumb/7/7d/Stadium_of_Light%2C_Sunderland_afc.jpg/220px-Stadium_of_Light%2C_Sunderland_afc.jpg,Sunderland A.F.C.,"[54.9143953, -1.3882579326]"
248,Estadio Nacional de Chile,48665,South America,Chile,Santiago,https://upload.wikimedia.org/wikipedia/commons/thumb/1/15/Adios_Matador.jpg/220px-Adios_Matador.jpg,"Chile national football team, CF Universidad de Chile","[-33.4643563, -70.612147]"
249,Nelson Mandela Bay Stadium,48459,Africa,South Africa,"Port Elizabeth, Eastern Cape",https://upload.wikimedia.org/wikipedia/commons/thumb/9/9b/Nelson_Mandela_Stadium_in_Port_Elizabeth_%28cropped%29.jpg/220px-Nelson_Mandela_Stadium_in_Port_Elizabeth_%28cropped%29.jpg,Chippa United FC,"[-33.93779205, 25.599408729]"
250,Estadio Tomás Adolfo Ducó,48314,South America,Argentina,Buenos Aires,https://upload.wikimedia.org/wikipedia/commons/thumb/3/3c/Estadio_huracan_interior_tribuna_gcba.jpg/220px-Estadio_huracan_interior_tribuna_gcba.jpg,CA Huracán,"[-34.64348385, -58.3965218912]"
251,Jinnah Sports Stadium,48200,South Asia,Pakistan,Islamabad,https://upload.wikimedia.org/wikipedia/commons/thumb/1/12/Jinnah_Sports_Stadium_track_and_field.jpg/220px-Jinnah_Sports_Stadium_track_and_field.jpg,Pakistan national football team,"[33.7003594, 73.0928398394]"
252,Estadio Libertadores de América,48069,South America,Argentina,Avellaneda,https://upload.wikimedia.org/wikipedia/commons/thumb/b/b3/Estadio_Libertadores_de_America_2014.JPG/220px-Estadio_Libertadores_de_America_2014.JPG,Club Atlético Independiente,"[-34.67029665, -58.3710408655]"
253,Free State Stadium,48000,Africa,South Africa,"Bloemfontein, Free State",https://upload.wikimedia.org/wikipedia/commons/thumb/9/9e/Free_State_Stadium1.jpg/220px-Free_State_Stadium1.jpg,"Bloemfontein Celtic, Toyota Cheetahs","[-29.1172351, 26.208769567]"
254,Nagai Stadium,47816,East Asia,Japan,Osaka,https://upload.wikimedia.org/wikipedia/commons/thumb/3/3e/Nagai_stadium20040717.jpg/220px-Nagai_stadium20040717.jpg,"Cerezo Osaka, NTT DoCoMo Red Hurricanes Osaka","[34.61413695, 135.5185174863]"
255,Neo Química Arena,47605,South America,Brazil,"São Paulo, São Paulo",https://upload.wikimedia.org/wikipedia/commons/thumb/6/64/Corinthians_x_Gr%C3%AAmio_-_Brasileir%C3%A3o_2016.jpg/220px-Corinthians_x_Gr%C3%AAmio_-_Brasileir%C3%A3o_2016.jpg,Corinthians,"[-23.5452934, -46.4742864364]"
256,Rogers Centre,47568,North America,Canada,"Toronto, Ontario",https://upload.wikimedia.org/wikipedia/commons/thumb/7/79/Toronto_-_ON_-_Rogers_Centre2.jpg/220px-Toronto_-_ON_-_Rogers_Centre2.jpg,"Toronto FC, Toronto Argonauts","[43.64165985, -79.3891976192]"
257,Estadio Monumental David Arellano,47347,South America,Chile,Santiago,https://upload.wikimedia.org/wikipedia/commons/thumb/0/0e/Estadio_Monumental_2009.jpg/220px-Estadio_Monumental_2009.jpg,Colo-Colo,"[-33.4377756, -70.6504502]"
258,Stadio Artemio Franchi,47282,Europe,Italy,Florence,https://upload.wikimedia.org/wikipedia/commons/thumb/a/aa/Soccer_in_Florence%2C_Italy%2C_2007.jpg/220px-Soccer_in_Florence%2C_Italy%2C_2007.jpg,ACF Fiorentina,"[43.3217335, 11.3262589554]"
259,Estadio Ciudad de Lanús – Néstor Díaz Pérez,47027,South America,Argentina,Lanús,https://upload.wikimedia.org/wikipedia/commons/thumb/1/1e/Editat%C3%B3n_Club_Lan%C3%BAs_-_Instalaciones_%288%29.JPG/220px-Editat%C3%B3n_Club_Lan%C3%BAs_-_Instalaciones_%288%29.JPG,CA Lanús,"[-34.71765845, -58.3839561641]"
260,Estadio Metropolitano Roberto Meléndez,46788,South America,Colombia,Barranquilla,https://upload.wikimedia.org/wikipedia/commons/thumb/b/b0/Estadio_Metropolitano_de_Baranquilla_2011.jpg/220px-Estadio_Metropolitano_de_Baranquilla_2011.jpg,"Colombia national football team, Atlético Junior","[10.9269548, -74.8005111089]"
261,Estádio Olímpico Nilton Santos,46831,South America,Brazil,"Rio de Janeiro, Rio de Janeiro",https://upload.wikimedia.org/wikipedia/commons/thumb/a/a8/Est%C3%A1dio_Municipal_Jo%C3%A3o_Havelange_14072007.jpg/220px-Est%C3%A1dio_Municipal_Jo%C3%A3o_Havelange_14072007.jpg,Botafogo FR,"[-22.893194, -43.2935690869]"
262,Itaipava Arena Pernambuco,46154,South America,Brazil,"São Lourenço da Mata, Pernambuco",https://upload.wikimedia.org/wikipedia/commons/thumb/6/62/Panorama_of_Arena_Pernambuco.jpg/220px-Panorama_of_Arena_Pernambuco.jpg,Náutico,"[-8.04072965, -35.0082334312]"
263,Arena MRV,46000,South America,Brazil,"Belo Horizonte, Minas Gerais",https://upload.wikimedia.org/wikipedia/commons/thumb/5/54/Arena_MRV_em_obras_vista_da_Via_Expressa_%28dezembro_de_2022%29.jpg/220px-Arena_MRV_em_obras_vista_da_Via_Expressa_%28dezembro_de_2022%29.jpg,C Atlético Mineiro,"[-19.9300116, -44.013881302]"
264,Prudentão,45954,South America,Brazil,"Presidente Prudente, São Paulo",https://upload.wikimedia.org/wikipedia/commons/thumb/c/c0/Derby_Paulista_%28Corinthians-Palmeiras%29_Paulist%C3%A3o_2009.jpg/220px-Derby_Paulista_%28Corinthians-Palmeiras%29_Paulist%C3%A3o_2009.jpg,Grêmio Prudente,"[-22.098568, -51.4150621425]"
265,Stade Mohammed V,45891,Africa,Morocco,Casablanca,https://upload.wikimedia.org/wikipedia/commons/thumb/7/70/Stade_Mohamed_V%2C_Casablanca.jpg/220px-Stade_Mohamed_V%2C_Casablanca.jpg,Morocco national football team,"[34.0640199, -6.7884859382]"
266,Estadio Atanasio Girardot,45739,South America,Colombia,Medellín,https://upload.wikimedia.org/wikipedia/commons/thumb/4/4a/Atanasio_Girardot_Stadium.jpg/220px-Atanasio_Girardot_Stadium.jpg,"Atlético Nacional, Independiente Medellín","[6.2567716, -75.59016945]"
267,Estadio Nacional,45574,South America,Peru,Lima,https://upload.wikimedia.org/wikipedia/commons/thumb/b/b8/Estadio_Nacional_nuevo_07_10_2011.jpg/220px-Estadio_Nacional_nuevo_07_10_2011.jpg,Peru national football team,"[-12.0673803, -77.0337830272]"
268,Estadio Ramón Sánchez Pizjuán,45500,Europe,Spain,Seville,https://upload.wikimedia.org/wikipedia/commons/thumb/1/17/Sevilla2-1Lega20182.jpg/220px-Sevilla2-1Lega20182.jpg,Sevilla FC,"[37.3840876, -5.9706309025]"
269,Adrar Stadium,45480,Africa,Morocco,Agadir,https://upload.wikimedia.org/wikipedia/commons/thumb/5/51/Stade-Adrar2019.png/220px-Stade-Adrar2019.png,Hassania Agadir,"[30.4274409, -9.5402539946]"
270,Otkritie Bank Arena,45360,Europe,Russia,Moscow,https://upload.wikimedia.org/wikipedia/commons/thumb/6/62/Match_veteranov_Spartaka_%2813%29.jpg/220px-Match_veteranov_Spartaka_%2813%29.jpg,Spartak Moscow,"[55.81758845, 37.4406099279]"
271,Grand stade de Marrakech,45240,Africa,Morocco,Marrakesh,https://upload.wikimedia.org/wikipedia/commons/thumb/0/0d/Stade_de_marrakech.jpg/220px-Stade_de_marrakech.jpg,Kawkab Marrakech,"[31.7070143, -7.980359]"
272,Mandela National Stadium,45202,Africa,Uganda,Kampala,https://upload.wikimedia.org/wikipedia/commons/thumb/3/3c/Mandela_National_Stadium%2C_Uganda.JPG/220px-Mandela_National_Stadium%2C_Uganda.JPG,Uganda national football team,"[0.3177137, 32.5813539]"
273,Tarczyński Arena Wrocław,45105,Europe,Poland,Wrocław,https://upload.wikimedia.org/wikipedia/commons/thumb/a/a3/Wroc%C5%82aw_Municipal_Stadium_-_Euro_2012_%28panorama%29.jpg/220px-Wroc%C5%82aw_Municipal_Stadium_-_Euro_2012_%28panorama%29.jpg,Śląsk Wrocław,"[51.14118615, 16.9438066875]"
274,Kazan Arena,45105,Europe,Russia,Kazan,https://upload.wikimedia.org/wikipedia/commons/thumb/5/56/Poland_v._Colombia_%2842095441565%29.jpg/220px-Poland_v._Colombia_%2842095441565%29.jpg,Rubin Kazan,"[55.8209813, 49.1549659]"
275,Stadion Gelora Bung Tomo,45000,Southeast Asia,Indonesia,"Surabaya, East Java",https://upload.wikimedia.org/wikipedia/commons/thumb/8/81/Koreo_Bonek_2018.jpg/220px-Koreo_Bonek_2018.jpg,Persebaya Surabaya,"[-7.2230647, 112.622833]"
276,Stadion Harapan Banga,45000,Southeast Asia,Indonesia,"Banda Aceh, Aceh",https://upload.wikimedia.org/wikipedia/commons/thumb/0/0a/No-image-available.png/480px-No-image-available.png,"Persiraja, Aceh United","[5.5528455, 95.3192908]"
277,Estadio General Pablo Rojas,45000,South America,Paraguay,Asunción,https://upload.wikimedia.org/wikipedia/commons/thumb/c/c4/Estadio_General_Pablo_Rojas.jpg/220px-Estadio_General_Pablo_Rojas.jpg,Club Cerro Porteño,"[-25.2999926, -57.6376558181]"
278,Stade Mohammed V,45000,Africa,Morocco,Casablanca,https://upload.wikimedia.org/wikipedia/commons/thumb/7/70/Stade_Mohamed_V%2C_Casablanca.jpg/220px-Stade_Mohamed_V%2C_Casablanca.jpg,"Wydad Casablanca, Raja Casablanca","[33.5945144, -7.6200284]"
279,Latakia Sports City Stadium,45000,West Asia,Syria,Latakia,https://upload.wikimedia.org/wikipedia/commons/thumb/9/93/Latakia_Sports_City_Stadium.jpg/220px-Latakia_Sports_City_Stadium.jpg,,"[35.5200185, 35.7781044]"
280,Zibo Sports Centre Stadium,45000,East Asia,China,"Zibo, Shandong",https://upload.wikimedia.org/wikipedia/commons/thumb/0/0a/No-image-available.png/480px-No-image-available.png,,"[36.8132476, 117.9828384209]"
281,Weifang Sports Centre Stadium,45000,East Asia,China,"Weifang, Shandong",https://upload.wikimedia.org/wikipedia/commons/thumb/0/0a/No-image-available.png/480px-No-image-available.png,,"[36.72898265, 119.0630790298]"
282,Yantai Sports Park Stadium,45000,East Asia,China,"Yantai, Shandong",https://upload.wikimedia.org/wikipedia/commons/thumb/0/0a/No-image-available.png/480px-No-image-available.png,,"[37.462892, 121.4535599361]"
283,Stadium Tuanku Abdul Rahman,45000,Southeast Asia,Malaysia,Seremban,https://upload.wikimedia.org/wikipedia/commons/thumb/f/f5/Stadium_Tuanku_Abdul_Rahman%2C_Paroi.jpg/220px-Stadium_Tuanku_Abdul_Rahman%2C_Paroi.jpg,"ATM FA, Negeri Sembilan","[2.72623985, 101.9826176637]"
284,Stade du Complexe sportif de Fès,45000,Africa,Morocco,Fes,https://upload.wikimedia.org/wikipedia/commons/thumb/1/1c/Complexe_sportif_de_F%C3%A8s.jpg/220px-Complexe_sportif_de_F%C3%A8s.jpg,"Wydad de Fès, Maghreb de Fès","[34.00272, -4.9689618203]"
285,Lagos National Stadium,45000,Africa,Nigeria,Lagos,https://upload.wikimedia.org/wikipedia/commons/thumb/3/30/Main-bowl-national-stadium-surulere-lagos.jpg/220px-Main-bowl-national-stadium-surulere-lagos.jpg,Nigeria national football team,"[6.49714245, 3.3649880389]"
286,Egyptian Army Stadium,45000,Africa,Egypt,Suez,https://upload.wikimedia.org/wikipedia/commons/thumb/0/0a/No-image-available.png/480px-No-image-available.png,,"[29.974498, 32.537086]"
287,Toyota Stadium,45000,East Asia,Japan,"Toyota City, Aichi",https://upload.wikimedia.org/wikipedia/commons/thumb/5/58/JPNxGEO20180623_%283%29.jpg/220px-JPNxGEO20180623_%283%29.jpg,"Nagoya Grampus, Toyota Verblitz","[35.0845879, 137.1708735346]"
288,Zayed Sports City Stadium,45000,West Asia,United Arab Emirates,Abu Dhabi,https://upload.wikimedia.org/wikipedia/commons/thumb/a/a7/Abu_Dhabi_Zayed_Sports_City_Stadium_2.jpg/220px-Abu_Dhabi_Zayed_Sports_City_Stadium_2.jpg,,"[24.41608525, 54.4526006532]"
289,Red Bull Arena,44345,Europe,Germany,Leipzig,https://upload.wikimedia.org/wikipedia/commons/thumb/c/ca/Leipzig_stadium.jpg/220px-Leipzig_stadium.jpg,RB Leipzig,"[51.34570785, 12.3482621141]"
290,Estádio Governador Alberto Tavares Silva,44200,South America,Brazil,Teresina,https://upload.wikimedia.org/wikipedia/commons/thumb/f/f7/Albertao1.jpg/220px-Albertao1.jpg,"River AC, EC Flamengo, Piauí EC, SE Tiradentes, Auto EC","[-5.1161379, -42.7928719931]"
291,Morenão,44200,South America,Brazil,"Campo Grande, Mato Grosso do Sul",https://upload.wikimedia.org/wikipedia/commons/thumb/f/fa/0253l.jpg/220px-0253l.jpg,"EC Comercial, Operário FC","[-24.95633, -54.2365521]"
292,Ulsan Munsu Football Stadium,44102,East Asia,South Korea,Ulsan,https://upload.wikimedia.org/wikipedia/commons/thumb/b/b2/Munsu_20121110_204310_5.jpg/220px-Munsu_20121110_204310_5.jpg,Ulsan Hyundai,"[35.53526295, 129.2594948509]"
293,Arena Pantanal,44097,South America,Brazil,"Cuiabá, Mato Grosso",https://upload.wikimedia.org/wikipedia/commons/thumb/1/1c/Arena_Pantanal.jpg/220px-Arena_Pantanal.jpg,"Cuiabá, Mixto EC","[-15.6040649, -56.12229889]"
294,Arena da Amazônia,44000,South America,Brazil,"Manaus, Amazonas",https://upload.wikimedia.org/wikipedia/commons/thumb/4/43/Arena_Amaz%C3%B4nia_Manaus.jpg/220px-Arena_Amaz%C3%B4nia_Manaus.jpg,Nacional FC,"[-3.0831132, -60.0280051849]"
295,Suwon World Cup Stadium,43959,East Asia,South Korea,Suwon,https://upload.wikimedia.org/wikipedia/commons/thumb/2/2e/20121003_Suwon_vs_Seoul.jpg/220px-20121003_Suwon_vs_Seoul.jpg,Suwon Samsung Bluewings,"[37.2864084, 127.0368050204]"
296,Stadion Utama Riau,43923,Southeast Asia,Indonesia,"Pekanbaru, Riau",https://upload.wikimedia.org/wikipedia/commons/thumb/4/4b/Riau_Main_Stadium_%28cropped%29.JPG/220px-Riau_Main_Stadium_%28cropped%29.JPG,PSPS Pekanbaru,"[0.4834884, 101.3899056]"
297,Allianz Parque,43713,South America,Brazil,"São Paulo, São Paulo",https://upload.wikimedia.org/wikipedia/commons/thumb/9/95/Imagens_da_Cidade_de_S%C3%A3o_Paulo_e_Zool%C3%B3gico_da_Capital_Paulista._%2847480340301%29.jpg/220px-Imagens_da_Cidade_de_S%C3%A3o_Paulo_e_Zool%C3%B3gico_da_Capital_Paulista._%2847480340301%29.jpg,SE Palmeiras,"[-23.52749715, -46.6785280781]"
298,Shandong Provincial Stadium,43700,East Asia,China,"Jinan, Shandong",https://upload.wikimedia.org/wikipedia/commons/thumb/4/49/SHANGDONGSPORTS.jpg/220px-SHANGDONGSPORTS.jpg,,"[36.64647655, 117.0057846225]"
299,Polsat Plus Arena Gdańsk,43615,Europe,Poland,Gdańsk,https://upload.wikimedia.org/wikipedia/commons/thumb/1/17/Gda%C5%84sk%2C_Stadion_PGE_Arena_-_fotopolska.eu_%28326975%29.jpg/220px-Gda%C5%84sk%2C_Stadion_PGE_Arena_-_fotopolska.eu_%28326975%29.jpg,Lechia Gdańsk,"[54.38991925, 18.6414870351]"
300,Estadio Pedro Bidegain,43494,South America,Argentina,Buenos Aires,https://upload.wikimedia.org/wikipedia/commons/thumb/1/10/Platea_Este_Nuevo_Gasometro_1.jpg/220px-Platea_Este_Nuevo_Gasometro_1.jpg,CA San Lorenzo de Almagro,"[-34.6520819, -58.4401281358]"
301,Stadion Miejski w Poznaniu,43269,Europe,Poland,Poznań,https://upload.wikimedia.org/wikipedia/commons/thumb/c/c0/Stadion_Miejski_w_Poznaniu_2013_panorama.jpg/220px-Stadion_Miejski_w_Poznaniu_2013_panorama.jpg,"Lech Poznań, Warta Poznań","[52.3976795, 16.8581002917]"
302,Vasil Levski National Stadium,43230,Europe,Bulgaria,Sofia,https://upload.wikimedia.org/wikipedia/commons/thumb/9/93/Vasil_Levski_National_Stadium_2022.jpg/220px-Vasil_Levski_National_Stadium_2022.jpg,Bulgaria national football team,"[42.68755135, 23.3352239632]"
303,Estadio Universidad San Marcos,43000,South America,Peru,Lima,https://upload.wikimedia.org/wikipedia/commons/thumb/0/06/Vista_estadios_san_marcos.jpg/220px-Vista_estadios_san_marcos.jpg,Deportivo Universidad San Marcos,"[-12.05759355, -77.0832585614]"
304,Ullevi,43000,Europe,Sweden,Gothenburg,https://upload.wikimedia.org/wikipedia/commons/thumb/8/8d/Ullevi_stadium%2C_23_june_2018.png/220px-Ullevi_stadium%2C_23_june_2018.png,Sweden women's national football team,"[57.7059197, 11.9873275989]"
305,Jinzhou Binhai Sports Centre Stadium,43000,East Asia,China,Jinzhou,https://upload.wikimedia.org/wikipedia/commons/thumb/0/0a/No-image-available.png/480px-No-image-available.png,,"[40.8723509, 121.0644040531]"
306,Estadio General Santander,42901,South America,Colombia,Cúcuta,https://upload.wikimedia.org/wikipedia/commons/thumb/4/46/Cucuta704.jpg/220px-Cucuta704.jpg,Cúcuta Deportivo,"[7.89466265, -72.5018525203]"
307,Villa Park,42682,Europe,England,"Birmingham, West Midlands",https://upload.wikimedia.org/wikipedia/commons/thumb/a/a1/Villa_Stadion_panorama_2016.jpg/220px-Villa_Stadion_panorama_2016.jpg,Aston Villa F.C.,"[52.5091264, -1.8850354312]"
308,Perak Stadium,42500,Southeast Asia,Malaysia,Perak,https://upload.wikimedia.org/wikipedia/commons/thumb/d/dc/Perak_Stadium.JPG/220px-Perak_Stadium.JPG,Perak FA,"[4.6094268, 101.1035452187]"
309,Jeonju World Cup Stadium,42477,East Asia,South Korea,Jeonju,https://upload.wikimedia.org/wikipedia/commons/thumb/7/72/%EC%A0%84%EC%A3%BC%EC%9B%94%EB%93%9C%EC%BB%B5%EA%B2%BD%EA%B8%B0%EC%9E%A5.jpg/220px-%EC%A0%84%EC%A3%BC%EC%9B%94%EB%93%9C%EC%BB%B5%EA%B2%BD%EA%B8%B0%EC%9E%A5.jpg,Jeonbuk Hyundai Motors FC,"[35.8678074, 127.0645890698]"
310,Ligga Arena,42372,South America,Brazil,"Curitiba, Paraná",https://upload.wikimedia.org/wikipedia/commons/thumb/2/20/Arenadabaixada2.jpg/220px-Arenadabaixada2.jpg,C Athletico Paranaense,"[-25.4295963, -49.2712724]"
311,Weserstadion,42358,Europe,Germany,Bremen,https://upload.wikimedia.org/wikipedia/commons/thumb/a/a6/Weserstadion_panorama.JPG/220px-Weserstadion_panorama.JPG,SV Werder Bremen,"[53.06644785, 8.8376718151]"
312,Denka Big Swan Stadium,42300,East Asia,Japan,"Niigata, Niigata",https://upload.wikimedia.org/wikipedia/commons/thumb/f/ff/Bigswan080628.JPG/220px-Bigswan080628.JPG,Albirex Niigata,"[37.88257595, 139.0591584074]"
313,Estadio Olimpico Metropolitano de Mérida,42200,South America,Venezuela,Mérida,https://upload.wikimedia.org/wikipedia/commons/thumb/1/1f/Metropolitanodemeridacopamerica.jpg/220px-Metropolitanodemeridacopamerica.jpg,Estudiantes de Mérida,"[8.55586575, -71.2179965253]"
314,Daejeon World Cup Stadium,42176,East Asia,South Korea,Daejeon,https://upload.wikimedia.org/wikipedia/commons/thumb/7/76/Daejeon_World_Cup_Stadium.JPG/220px-Daejeon_World_Cup_Stadium.JPG,Daejeon Citizen,"[36.36525335, 127.3251074229]"
315,Matmut ATLANTIQUE,42115,Europe,France,Bordeaux,https://upload.wikimedia.org/wikipedia/commons/thumb/7/7f/500px_photo_%28165733217%29.jpeg/220px-500px_photo_%28165733217%29.jpeg,FC Girondins de Bordeaux,"[44.89732515, -0.5616026109]"
316,Helsingin Olympiastadion,42062,Europe,Finland,Helsinki,https://upload.wikimedia.org/wikipedia/commons/thumb/b/b3/Olympiastadion_2_2020-08-12.jpg/220px-Olympiastadion_2_2020-08-12.jpg,Finland national football team,"[60.1870012, 24.9272509368]"
317,Estadio Inca Garcilaso de la Vega,42056,South America,Peru,Cusco,https://upload.wikimedia.org/wikipedia/commons/thumb/0/0a/No-image-available.png/480px-No-image-available.png,CS Cienciano,"[-13.5255188, -71.9664760884]"
318,Estádio Serra Dourada,42000,South America,Brazil,"Goiânia, Goiás",https://upload.wikimedia.org/wikipedia/commons/thumb/5/5f/Serra_Dourada_Lotado.jpg/220px-Serra_Dourada_Lotado.jpg,"Goiás Esporte Clube, Vila Nova, Atlético Goianiense","[-16.69906535, -49.2331877757]"
319,Estadio Deportivo Cali,42000,South America,Colombia,Cali,https://upload.wikimedia.org/wikipedia/commons/thumb/9/9b/SportingCali12.png/220px-SportingCali12.png,Deportivo Cali,"[3.52168105, -76.4170625586]"
320,Estadio Modelo Alberto Spencer,42000,South America,Ecuador,Guayaquil,https://upload.wikimedia.org/wikipedia/commons/thumb/b/bf/Estadio_Modelo_Lleno_2007_-_panoramio.jpg/220px-Estadio_Modelo_Lleno_2007_-_panoramio.jpg,"Club Sport Patria, Club Deportivo Everest, Panamá Sporting Club, Rocafuerte Fútbol Club","[-2.1789233, -79.8943537672]"
321,Estádio do Zimpeto,42000,Africa,Mozambique,Maputo,https://upload.wikimedia.org/wikipedia/commons/thumb/0/0a/No-image-available.png/480px-No-image-available.png,Mozambique national football team,"[-25.82765365, 32.5749811153]"
322,Chengdu Sports Centre Stadium,42000,East Asia,China,"Chengdu, Sichuan",https://upload.wikimedia.org/wikipedia/commons/thumb/0/02/Chengdu_Sports_Center.JPG/220px-Chengdu_Sports_Center.JPG,,"[30.7627585, 103.8655007845]"
323,Royal Bafokeng Stadium,42000,Africa,South Africa,"Phokeng, North West",https://upload.wikimedia.org/wikipedia/commons/thumb/6/67/Royal_Bafokeng_Stadium%2C_Phokeng.jpg/220px-Royal_Bafokeng_Stadium%2C_Phokeng.jpg,Platinum Stars FC,"[-25.57877625, 27.1609204498]"
324,Estadio Universitario,42000,North America,Mexico,San Nicolás de los Garza,https://upload.wikimedia.org/wikipedia/commons/thumb/0/07/Estadio_Universitario_Concachampions.jpg/220px-Estadio_Universitario_Concachampions.jpg,Tigres de la UANL,"[25.72260665, -100.3119862931]"
325,Estadio Brigadier General Estanislao López,42000,South America,Argentina,Santa Fe,https://upload.wikimedia.org/wikipedia/commons/thumb/5/59/Estadio_Brigadier_General_Estanislao_L%C3%B3pez_-_Col%C3%B3n_de_Santa_Fe.jpg/220px-Estadio_Brigadier_General_Estanislao_L%C3%B3pez_-_Col%C3%B3n_de_Santa_Fe.jpg,Club Atlético Colón,"[-31.6632166, -60.7252464548]"
326,Estadio Marcelo Bielsa,42000,South America,Argentina,Rosario,https://upload.wikimedia.org/wikipedia/commons/thumb/2/23/Estadio_Marcelo_Bielsa.jpg/220px-Estadio_Marcelo_Bielsa.jpg,Newell's Old Boys,"[-32.9561707, -60.6613760797]"
327,Stade Geoffroy-Guichard,41965,Europe,France,Saint-Étienne,https://upload.wikimedia.org/wikipedia/commons/thumb/9/99/St_Etienne_Stade_Geoffroy_Guichard.jpg/220px-St_Etienne_Stade_Geoffroy_Guichard.jpg,AS Saint-Étienne,"[45.46075665, 4.3900932074]"
328,Vodafone Park,41903,Europe,Turkey,Istanbul,https://upload.wikimedia.org/wikipedia/commons/thumb/9/94/Vodafone_Park_Panorama.jpg/220px-Vodafone_Park_Panorama.jpg,Beşiktaş J.K.,"[41.0091982, 28.9662187]"
329,Peter Mokaba Stadium,41733,Africa,South Africa,Polokwane,https://upload.wikimedia.org/wikipedia/commons/thumb/c/cd/Teams_are_warming_up_%284738980575%29.jpg/220px-Teams_are_warming_up_%284738980575%29.jpg,Polokwane City FC,"[-23.92480585, 29.467960091]"
330,Estadio Gigante de Arroyito,41654,South America,Argentina,Rosario,https://upload.wikimedia.org/wikipedia/commons/thumb/6/66/Estadio_Gigante_de_Arroyito.jpg/220px-Estadio_Gigante_de_Arroyito.jpg,Rosario Central,"[-32.9139783, -60.6745028828]"
331,Estadio Cachamay,41600,South America,Venezuela,Ciudad Guayana,https://upload.wikimedia.org/wikipedia/en/thumb/a/a0/CTE_Chamay_Aereo_Cut.jpg/220px-CTE_Chamay_Aereo_Cut.jpg,"Atlético Club Mineros de Guayana, AC Minervén FC","[8.3126855, -62.6963395314]"
332,Estadio de Liga Deportiva Universitaria,41596,South America,Ecuador,Quito,https://upload.wikimedia.org/wikipedia/commons/thumb/f/f6/Cl%C3%A1sico_Liga_de_Quito-Barcelona_de_Guayaquil.JPG/220px-Cl%C3%A1sico_Liga_de_Quito-Barcelona_de_Guayaquil.JPG,LDU,"[-0.1077231, -78.4890768103]"
333,Allianz Stadium,41507,Europe,Italy,"Turin, Piedmont",https://upload.wikimedia.org/wikipedia/commons/thumb/0/0e/Juventus_Stadium_in_Turin_-_Champions_League_2013-14_-_Juventus_v_Real_Madrid.jpg/220px-Juventus_Stadium_in_Turin_-_Champions_League_2013-14_-_Juventus_v_Real_Madrid.jpg,Juventus FC,"[45.10965935, 7.6420997726]"
334,Sapporo Dome,41484,East Asia,Japan,"Sapporo, Hokkaido",https://upload.wikimedia.org/wikipedia/commons/thumb/f/f1/Sapporo_Dome_001.jpeg/220px-Sapporo_Dome_001.jpeg,Hokkaido Consadole Sapporo,"[43.0147798, 141.4097434427]"
335,Stamford Bridge,41663,Europe,England,London,https://upload.wikimedia.org/wikipedia/commons/thumb/b/b1/Stamford_Bridge%2C_Chelsea_vs_Nottingham_Forest%2C_5_January_2020.jpg/220px-Stamford_Bridge%2C_Chelsea_vs_Nottingham_Forest%2C_5_January_2020.jpg,Chelsea F.C.,"[51.4816865, -0.1910351767]"
336,Goyang Stadium,41311,East Asia,South Korea,Goyang,https://upload.wikimedia.org/wikipedia/commons/thumb/e/e1/Goyang_sta_1.JPG/220px-Goyang_sta_1.JPG,Goyang Zaicro FC,"[37.6764849, 126.743153794]"
337,Estadio Hernando Siles,41143,South America,Bolivia,La Paz,https://upload.wikimedia.org/wikipedia/commons/thumb/9/9d/Hernando_Siles_Stadium_-_La_Paz.jpg/220px-Hernando_Siles_Stadium_-_La_Paz.jpg,"La Paz FC, Club Bolívar, The Strongest","[-16.4994503, -68.122853236]"
338,Bingu National Stadium,41100,Africa,Malawi,Lilongwe,https://upload.wikimedia.org/wikipedia/commons/thumb/e/ea/BINGU_NATIONAL_STADIUM.jpg/220px-BINGU_NATIONAL_STADIUM.jpg,"Flames, Big Bullets FC","[-13.9438618, 33.7531969012]"
339,Mbombela Stadium,40929,Africa,South Africa,"Nelspruit, Mpumalanga",https://upload.wikimedia.org/wikipedia/commons/thumb/2/26/Mbombela_Stadium_arena.jpg/220px-Mbombela_Stadium_arena.jpg,,"[-25.4617294, 30.9296898975]"
340,Estadio José Pachencho Romero,40800,South America,Venezuela,Maracaibo,https://upload.wikimedia.org/wikipedia/commons/thumb/3/38/JPPachenchoRomero-16.jpg/220px-JPPachenchoRomero-16.jpg,Unión Atlético Maracaibo,"[10.6740483, -71.6449990278]"
341,Stade Nelson Mandela,40784,Africa,Algeria,Algiers,https://upload.wikimedia.org/wikipedia/commons/thumb/1/12/Nelson_Mandela_Stadium.jpg/220px-Nelson_Mandela_Stadium.jpg,Algeria national football team,"[36.69380525, 3.1220522427]"
342,Kashima Football Stadium,40728,East Asia,Japan,"Kashima, Ibaraki",https://upload.wikimedia.org/wikipedia/commons/thumb/b/bc/Kashima_Soccer_Stadium_5.jpg/220px-Kashima_Soccer_Stadium_5.jpg,Kashima Antlers,"[35.9920049, 140.6403678666]"
343,Baba Yara Stadium,40528,Africa,Ghana,Kumasi,https://upload.wikimedia.org/wikipedia/commons/thumb/a/a3/Kumasi924.JPG/220px-Kumasi924.JPG,"Asante Kotoko, King Faisal Babes","[6.68217, -1.6050641736]"
344,Estadio Couto Pereira,40502,South America,Brazil,"Curitiba, Paraná",https://upload.wikimedia.org/wikipedia/commons/thumb/7/72/Est%C3%A1dio_Couto_Pereira.jpg/220px-Est%C3%A1dio_Couto_Pereira.jpg,Coritiba Foot Ball Club,"[-25.4214376, -49.2597566826]"
345,RCDE Stadium,40500,Europe,Spain,Barcelona,https://upload.wikimedia.org/wikipedia/commons/thumb/b/b6/Estadicornellaelprat_1.jpg/220px-Estadicornellaelprat_1.jpg,RCD Espanyol,"[41.3478069, 2.0748019533]"
346,Estadio Metropolitano de fútbol de Lara,40312,South America,Venezuela,Barquisimeto,https://upload.wikimedia.org/wikipedia/commons/thumb/1/15/Estadio_Metropolitano_de_Lara.jpg/220px-Estadio_Metropolitano_de_Lara.jpg,Unión Lara,"[10.0774374, -69.3222293]"
347,Estadio Malvinas Argentinas,40268,South America,Argentina,Mendoza,https://upload.wikimedia.org/wikipedia/commons/thumb/7/7b/Estadio_Malvinas_Argentinas_2012.jpg/220px-Estadio_Malvinas_Argentinas_2012.jpg,Godoy Cruz Antonio Tomba,"[-32.889601, -68.8798575653]"
348,Stadion Lukas Enembe,40263,Southeast Asia,Indonesia,Nolokla,https://upload.wikimedia.org/wikipedia/commons/thumb/8/87/Lukas_Enembe_Stadium.jpg/220px-Lukas_Enembe_Stadium.jpg,Persipura Jayapura,"[-2.5789948, 140.5734833758]"
349,Gwangju World Cup Stadium,40245,East Asia,South Korea,Gwangju,https://upload.wikimedia.org/wikipedia/commons/thumb/7/73/Gwangju_World_Cup_Stadium.jpg/220px-Gwangju_World_Cup_Stadium.jpg,Gwangju FC,"[35.133695, 126.8749872074]"
350,Estadio Virgen de Chapi,40217,South America,Peru,Arequipa,https://upload.wikimedia.org/wikipedia/commons/thumb/0/0a/No-image-available.png/480px-No-image-available.png,FBC Melgar,"[-16.3452308, -71.5421398713]"
351,Sân vận động Quốc gia Mỹ Đình,40192,Southeast Asia,Vietnam,Hanoi,https://upload.wikimedia.org/wikipedia/commons/thumb/3/39/Kh%C3%A1n_%C4%91%C3%A0i_B_-_S%C3%A2n_v%E1%BA%ADn_%C4%91%E1%BB%99ng_Qu%E1%BB%91c_gia_M%E1%BB%B9_%C4%90%C3%ACnh.jpg/220px-Kh%C3%A1n_%C4%91%C3%A0i_B_-_S%C3%A2n_v%E1%BA%ADn_%C4%91%E1%BB%99ng_Qu%E1%BB%91c_gia_M%E1%BB%B9_%C4%90%C3%ACnh.jpg,Vietnam national football team,"[21.0204791, 105.7639587837]"
352,Goodison Park,40157,Europe,England,"Liverpool, North West",https://upload.wikimedia.org/wikipedia/commons/thumb/b/b9/Goodison_Park_August_2022.jpg/220px-Goodison_Park_August_2022.jpg,Everton FC,"[53.43868975, -2.9664192835]"
353,Castelão,40149,South America,Brazil,"São Luís, Maranhão",https://upload.wikimedia.org/wikipedia/commons/thumb/d/d0/Est%C3%A1dio_Castel%C3%A3o_em_S%C3%A3o_Lu%C3%ADs%2C_Maranh%C3%A3o%2C_Brasil.jpg/220px-Est%C3%A1dio_Castel%C3%A3o_em_S%C3%A3o_Lu%C3%ADs%2C_Maranh%C3%A3o%2C_Brasil.jpg,"Sampaio Corrêa FC, Moto Club SL, Maranhão AC","[-2.5295265, -44.2963942]"
354,Stade Miloud-Hadefi,40143,Africa,Algeria,Oran,https://upload.wikimedia.org/wikipedia/commons/thumb/e/e5/Stade_de_Oran.jpg/220px-Stade_de_Oran.jpg,"Algeria national football team, MC Oran","[35.72853115, -0.5494977815]"
355,Estadio Campeón del Siglo,40005,South America,Uruguay,Montevideo,https://upload.wikimedia.org/wikipedia/commons/thumb/8/87/Estadio_Campe%C3%B3n_del_Siglo_setiembre_2021.jpg/220px-Estadio_Campe%C3%B3n_del_Siglo_setiembre_2021.jpg,Club Atlético Peñarol,"[-34.7974209, -56.0662819838]"
356,Metalist Stadium,40003,Europe,Ukraine,Kharkiv,https://upload.wikimedia.org/wikipedia/commons/thumb/8/84/Metalist_Stadium_Kharkiv.jpg/220px-Metalist_Stadium_Kharkiv.jpg,"FC Metalist Kharkiv, FC Shakhtar Donetsk","[49.980863, 36.2615759632]"
357,Al-Janoub Stadium,40000,West Asia,Qatar,Al-Wakrah,https://upload.wikimedia.org/wikipedia/commons/thumb/5/57/Visita_ao_est%C3%A1dio_de_futebol_Al_Janoub_1.jpg/220px-Visita_ao_est%C3%A1dio_de_futebol_Al_Janoub_1.jpg,,"[25.15970785, 51.5742271021]"
358,Al-Thumama Stadium,40000,West Asia,Qatar,Al-Thumama,https://upload.wikimedia.org/wikipedia/en/thumb/d/d6/Al_Thumama_Stadium_%282%29.jpg/220px-Al_Thumama_Stadium_%282%29.jpg,,"[25.2353106, 51.5329152492]"
359,Stade Ahmed-Zabana,40000,Africa,Algeria,Oran,https://upload.wikimedia.org/wikipedia/commons/thumb/6/6a/Stade_Ahmed_Zabana_2.jpg/220px-Stade_Ahmed_Zabana_2.jpg,MC Oran,"[35.683357, -0.6365156098]"
360,Stadion Batakan,40000,Southeast Asia,Indonesia,"Balikpapan, East Kalimantan",https://upload.wikimedia.org/wikipedia/commons/thumb/d/d8/2017-11-14_Batakan.jpg/220px-2017-11-14_Batakan.jpg,Persiba Balikpapan,"[-1.2398711, 116.8593379]"
361,Stadion Gelora Joko Samudro,40000,Southeast Asia,Indonesia,"Gresik, East Java",https://upload.wikimedia.org/wikipedia/commons/thumb/4/48/Gelora_Joko_Samudro_Stadium_%282016%29.jpg/220px-Gelora_Joko_Samudro_Stadium_%282016%29.jpg,Gresik United,"[-5.79334655, 112.6598223201]"
362,Fisht Olympic Stadium,40000,Europe,Russia,Sochi,https://upload.wikimedia.org/wikipedia/commons/thumb/e/e4/2017_Confederation_Cup_-_MEXNZL_-_Fisht.jpg/220px-2017_Confederation_Cup_-_MEXNZL_-_Fisht.jpg,,"[43.5854823, 39.723109]"
363,Rentschler Field,40000,North America,United States,"East Hartford, Connecticut",https://upload.wikimedia.org/wikipedia/commons/thumb/c/cc/Rentschler_Field_2017.jpg/220px-Rentschler_Field_2017.jpg,,"[41.7596149, -72.6188369052]"
364,Jawaharlal Nehru Stadium,40000,South Asia,India,Kochi,https://upload.wikimedia.org/wikipedia/commons/thumb/8/83/Jawaharlal_Nehru_Stadium_%28Kochi%29_in_2022.jpg/220px-Jawaharlal_Nehru_Stadium_%28Kochi%29_in_2022.jpg,"Kerala Blasters, India national football team","[9.9674277, 76.2454436]"
365,Hang Jebat Stadium,40000,Southeast Asia,Malaysia,Malacca,https://upload.wikimedia.org/wikipedia/commons/thumb/2/20/Stadium_Hang_Jebat_015342.jpg/220px-Stadium_Hang_Jebat_015342.jpg,Melaka United,"[2.28853045, 102.2330317208]"
366,Hong Kong Stadium,40000,East Asia,Hong Kong,So Kon Po,https://upload.wikimedia.org/wikipedia/commons/thumb/d/db/Hong_Kong_Stadium-1.jpg/220px-Hong_Kong_Stadium-1.jpg,South China AA,"[22.274195, 114.1890487]"
367,Stadium Negeri Pulau Pinang,40000,Southeast Asia,Malaysia,Batu Kawan,https://upload.wikimedia.org/wikipedia/commons/thumb/9/94/Batu_Kawan_Stadium%2CPenang.jpg/220px-Batu_Kawan_Stadium%2CPenang.jpg,Penang FA,"[5.2614822, 100.4363541347]"
368,Accra Sports Stadium,40000,Africa,Ghana,Accra,https://upload.wikimedia.org/wikipedia/commons/thumb/7/7a/Ohene_Djan_stadium%2C_Accra.jpg/220px-Ohene_Djan_stadium%2C_Accra.jpg,"Accra Hearts of Oak SC, Great Olympics","[5.5515153, -0.192335142]"
369,Sarawak Stadium,40000,Southeast Asia,Malaysia,Kuching,https://upload.wikimedia.org/wikipedia/commons/thumb/0/07/Stadium_Sarawak.JPG/220px-Stadium_Sarawak.JPG,Sarawak FA,"[1.58852325, 110.3593436303]"
370,Bogyoke Aung San Stadium,40000,Southeast Asia,Myanmar,Yangon,https://upload.wikimedia.org/wikipedia/commons/thumb/1/17/Aungsan_Stadium.jpg/220px-Aungsan_Stadium.jpg,Yangon United FC,"[16.7838408, 96.1606229155]"
371,Resonac Dome Ōita,40000,East Asia,Japan,Ōita,https://upload.wikimedia.org/wikipedia/commons/thumb/1/17/%C5%8Cita_Stadium_2023-03.jpg/220px-%C5%8Cita_Stadium_2023-03.jpg,Ōita Trinita,"[33.2007159, 131.6574920036]"
372,Stadium Darul Makmur,40000,Southeast Asia,Malaysia,Kuantan,https://upload.wikimedia.org/wikipedia/commons/thumb/d/d9/Stadium_Pahang.jpg/220px-Stadium_Pahang.jpg,Pahang FA,"[3.81538875, 103.3236608115]"
373,Khalifa International Stadium,40000,West Asia,Qatar,Doha,https://upload.wikimedia.org/wikipedia/en/thumb/1/16/Khalifa_International_Stadium.jpg/220px-Khalifa_International_Stadium.jpg,Qatar national football team,"[25.26365305, 51.4492244658]"
374,Stade d'Angondjé,40000,Africa,Gabon,Libreville,https://upload.wikimedia.org/wikipedia/commons/thumb/5/53/Cameroon_celebrating_winning_2017_Africa_Cup_of_Nations.jpg/220px-Cameroon_celebrating_winning_2017_Africa_Cup_of_Nations.jpg,Gabon national football team,"[0.521355, 9.3930276294]"
375,Peoples Football Stadium,40000,South Asia,Pakistan,Karachi,https://upload.wikimedia.org/wikipedia/commons/thumb/0/0a/No-image-available.png/480px-No-image-available.png,"Pakistan national football team, HBL F.C.","[24.8582424, 66.9875836]"
376,JRD Tata Sports Complex Stadium,40000,South Asia,India,Jamshedpur,https://upload.wikimedia.org/wikipedia/commons/thumb/4/4e/J.R.D._Tata_Stadium.jpg/220px-J.R.D._Tata_Stadium.jpg,"Jamshedpur FC, Tata Football Academy","[22.80602985, 86.1935297085]"
377,Bao'an Stadium,40000,East Asia,China,"Shenzhen, Guangdong",https://upload.wikimedia.org/wikipedia/commons/thumb/9/91/Bao%27an_Stadium.jpg/220px-Bao%27an_Stadium.jpg,,"[22.5632358, 113.8764671]"
378,Kunming Tuodong Sports Centre Stadium,40000,East Asia,China,"Kunming, Yunnan",https://upload.wikimedia.org/wikipedia/commons/thumb/7/79/Kunming_07.JPG/220px-Kunming_07.JPG,China national football team,"[25.0363006, 102.7086139]"
379,Taizhou Sports Centre Stadium,40000,East Asia,China,"Taizhou, Zhejiang",https://upload.wikimedia.org/wikipedia/commons/thumb/0/0a/No-image-available.png/480px-No-image-available.png,,"[28.6496194, 121.3953789788]"
380,Wuhu Olympic Stadium,40000,East Asia,China,"Wuhu, Anhui",https://upload.wikimedia.org/wikipedia/commons/thumb/0/0a/No-image-available.png/480px-No-image-available.png,,"[31.1800568, 118.2141777]"
381,Huizhou Olympic Stadium,40000,East Asia,China,"Huizhou, Guangdong",https://upload.wikimedia.org/wikipedia/commons/thumb/0/0a/No-image-available.png/480px-No-image-available.png,,"[23.03555805, 114.4415201147]"
